customer_id,contracting_date,plan,mrr,segment
1,2022-06-02,Enterprise,1501.01,Enterprise
2,2023-05-20,Basic,96.65,Enterprise
3,2022-03-16,Basic,24.08,Enterprise
4,2023-11-16,Pro,464.07,Mid-Market
5,2022-11-17,Basic,83.86,Mid-Market
6,2023-12-10,Enterprise,1112.14,SMB
7,2022-06-26,Basic,99.1,Mid-Market
8,2023-02-14,Enterprise,1541.35,SMB
9,2020-07-15,Pro,403.99,Enterprise
10,2021-09-14,Enterprise,1470.66,SMB
11,2021-05-26,Basic,69.07,Mid-Market
12,2020-02-20,Enterprise,1200.89,Mid-Market
13,2020-12-20,Enterprise,652.15,SMB
14,2021-08-12,Enterprise,1751.34,SMB
15,2022-10-07,Pro,404.05,Enterprise
16,2023-11-03,Basic,97.05,Enterprise
17,2022-11-19,Pro,235.6,Enterprise
18,2023-07-02,Pro,412.16,SMB
19,2022-02-27,Basic,46.09,SMB
20,2020-02-28,Enterprise,501.17,Enterprise
21,2021-09-26,Pro,357.42,SMB
22,2020-12-20,Basic,45.11,Enterprise
23,2021-05-06,Basic,24.79,SMB
24,2023-08-13,Basic,48.44,Enterprise
25,2020-01-22,Basic,79.38,Mid-Market
26,2020-10-15,Enterprise,1750.04,Mid-Market
27,2022-08-11,Pro,218.66,SMB
28,2023-04-22,Enterprise,1315.26,Enterprise
29,2022-12-28,Enterprise,1621.64,Mid-Market
30,2022-11-07,Pro,151.2,Enterprise
31,2020-10-26,Enterprise,908.41,Mid-Market
32,2022-03-25,Basic,62.6,Enterprise
33,2023-09-18,Pro,458.81,SMB
34,2023-09-01,Pro,163.75,Mid-Market
35,2020-04-22,Basic,55.31,Enterprise
36,2020-05-07,Enterprise,958.94,SMB
37,2023-02-02,Enterprise,1235.85,SMB
38,2022-07-28,Pro,378.44,Enterprise
39,2023-07-08,Basic,91.99,Mid-Market
40,2020-04-11,Enterprise,1534.45,Mid-Market
41,2021-10-15,Pro,378.11,Mid-Market
42,2023-06-08,Basic,62.16,Enterprise
43,2022-03-11,Pro,344.61,Enterprise
44,2023-04-03,Pro,181.22,Mid-Market
45,2021-07-06,Pro,157.12,Mid-Market
46,2021-03-17,Basic,34.32,Enterprise
47,2020-04-01,Basic,58.13,Enterprise
48,2020-08-22,Pro,139.45,SMB
49,2021-05-22,Pro,475.18,Enterprise
50,2023-06-28,Basic,84.66,Enterprise
51,2021-10-28,Enterprise,1439.07,SMB
52,2023-11-07,Basic,75.88,Mid-Market
53,2023-05-24,Pro,217.26,SMB
54,2023-10-16,Basic,74.92,SMB
55,2021-11-07,Pro,152.91,Enterprise
56,2022-03-22,Pro,210.63,Enterprise
57,2022-06-10,Enterprise,1512.5,SMB
58,2022-04-07,Basic,84.76,Mid-Market
59,2021-07-28,Enterprise,1879.14,SMB
60,2021-08-21,Pro,176.73,Mid-Market
61,2021-08-24,Enterprise,1208.45,Mid-Market
62,2022-03-13,Pro,330.09,Mid-Market
63,2020-06-11,Enterprise,502.31,SMB
64,2022-08-20,Enterprise,1794.46,SMB
65,2022-08-31,Basic,89.39,SMB
66,2020-05-09,Pro,102.33,SMB
67,2021-01-22,Basic,29.57,Mid-Market
68,2020-06-15,Basic,78.37,Mid-Market
69,2020-03-21,Basic,20.25,SMB
70,2020-11-26,Enterprise,1883.11,Mid-Market
71,2020-10-28,Enterprise,583.35,SMB
72,2022-01-21,Enterprise,1908.73,Mid-Market
73,2021-03-28,Basic,40.51,SMB
74,2022-02-21,Enterprise,1405.74,SMB
75,2021-07-23,Enterprise,1610.2,SMB
76,2022-07-22,Enterprise,1563.8,Mid-Market
77,2020-09-21,Enterprise,1817.76,SMB
78,2022-04-30,Pro,185.55,Enterprise
79,2023-04-06,Pro,156.96,Enterprise
80,2022-09-17,Basic,80.51,Enterprise
81,2022-09-10,Pro,278.75,SMB
82,2023-11-09,Pro,366.17,Enterprise
83,2021-05-11,Enterprise,814.9,Mid-Market
84,2022-02-25,Basic,80.51,Mid-Market
85,2022-05-09,Pro,201.69,SMB
86,2023-06-14,Pro,221.96,Mid-Market
87,2021-07-03,Enterprise,1033.12,Enterprise
88,2020-04-21,Basic,84.82,Enterprise
89,2020-05-16,Basic,61.33,Enterprise
90,2023-04-16,Pro,138.77,SMB
91,2023-10-14,Enterprise,724.12,SMB
92,2020-09-08,Enterprise,602.28,Mid-Market
93,2021-03-06,Enterprise,1051.39,Enterprise
94,2022-08-09,Pro,448.4,Mid-Market
95,2022-11-24,Enterprise,1599.32,Enterprise
96,2022-09-27,Basic,23.15,SMB
97,2022-10-10,Enterprise,1129.22,Enterprise
98,2023-12-11,Basic,20.07,SMB
99,2022-12-17,Enterprise,1668.75,Enterprise
100,2020-08-30,Enterprise,1066.04,Mid-Market
101,2020-11-12,Pro,305.8,Mid-Market
102,2023-02-19,Pro,469.57,Mid-Market
103,2021-08-13,Enterprise,1823.04,SMB
104,2022-01-05,Basic,67.4,Enterprise
105,2022-07-16,Enterprise,760.56,Mid-Market
106,2022-04-23,Pro,237.19,Mid-Market
107,2020-06-04,Enterprise,1622.63,SMB
108,2023-07-24,Pro,171.39,Mid-Market
109,2023-10-03,Pro,454.9,SMB
110,2023-03-28,Pro,452.9,SMB
111,2020-03-15,Enterprise,1374.7,Enterprise
112,2021-04-28,Enterprise,1306.95,Enterprise
113,2022-08-21,Pro,292.45,Enterprise
114,2023-09-27,Basic,24.67,SMB
115,2023-09-24,Pro,466.86,Enterprise
116,2023-02-10,Enterprise,1436.51,Enterprise
117,2021-07-26,Basic,93.62,Enterprise
118,2020-04-12,Basic,97.84,Mid-Market
119,2023-09-12,Basic,21.88,SMB
120,2022-11-02,Pro,414.04,Enterprise
121,2021-08-21,Pro,322.19,SMB
122,2020-11-08,Enterprise,1677.78,SMB
123,2022-07-19,Enterprise,1643.05,SMB
124,2022-01-03,Enterprise,759.72,Mid-Market
125,2020-07-28,Pro,408.98,Enterprise
126,2022-04-09,Enterprise,845.8,SMB
127,2022-10-18,Enterprise,1521.63,Enterprise
128,2020-02-08,Pro,199.97,SMB
129,2020-05-14,Pro,350.17,Mid-Market
130,2020-09-30,Basic,26.6,Enterprise
131,2020-08-14,Pro,459.26,Mid-Market
132,2023-08-18,Pro,495.26,Mid-Market
133,2021-03-19,Enterprise,1414.55,Mid-Market
134,2022-10-31,Basic,51.49,SMB
135,2022-11-12,Pro,247.78,Enterprise
136,2021-06-07,Pro,335.96,Enterprise
137,2021-10-17,Basic,23.85,Mid-Market
138,2020-07-05,Basic,26.47,SMB
139,2023-02-11,Basic,53.95,Mid-Market
140,2022-04-12,Basic,96.24,SMB
141,2023-07-10,Basic,80.06,Mid-Market
142,2020-01-16,Enterprise,1690.33,Enterprise
143,2022-07-16,Pro,229.16,SMB
144,2021-04-18,Pro,271.35,SMB
145,2021-06-12,Basic,75.26,Enterprise
146,2021-04-18,Basic,92.12,Mid-Market
147,2020-08-28,Basic,44.91,Enterprise
148,2022-03-29,Basic,39.42,SMB
149,2021-12-20,Basic,36.17,Enterprise
150,2023-07-25,Pro,197.77,Mid-Market
151,2023-10-22,Enterprise,1284.3,SMB
152,2021-06-29,Pro,317.41,SMB
153,2023-07-16,Pro,311.94,Mid-Market
154,2021-03-11,Pro,422.73,Mid-Market
155,2020-03-29,Enterprise,1143.69,Mid-Market
156,2020-07-21,Enterprise,1573.52,SMB
157,2023-04-14,Pro,473.26,Enterprise
158,2022-06-26,Enterprise,1556.23,SMB
159,2021-11-05,Basic,86.77,Mid-Market
160,2021-10-14,Enterprise,1923.5,Enterprise
161,2022-08-16,Enterprise,1693.47,SMB
162,2021-05-01,Enterprise,1354.14,Enterprise
163,2023-07-30,Enterprise,724.64,SMB
164,2023-08-03,Basic,33.56,Enterprise
165,2020-01-06,Pro,169.69,SMB
166,2022-12-20,Enterprise,1168.68,SMB
167,2023-04-09,Pro,187.19,Mid-Market
168,2020-08-18,Pro,171.62,Mid-Market
169,2020-06-13,Pro,437.06,Enterprise
170,2022-01-22,Pro,256.8,Enterprise
171,2022-05-02,Pro,176.66,SMB
172,2022-08-15,Enterprise,1877.25,Enterprise
173,2020-05-11,Enterprise,1990.58,Enterprise
174,2021-05-21,Basic,28.95,SMB
175,2020-05-10,Enterprise,1044.03,Mid-Market
176,2021-10-29,Enterprise,1859.88,Mid-Market
177,2020-05-25,Enterprise,731.8,Mid-Market
178,2020-07-02,Basic,48.82,Enterprise
179,2022-05-16,Enterprise,1744.85,Mid-Market
180,2021-12-16,Pro,368.41,Mid-Market
181,2023-02-23,Enterprise,605.12,Mid-Market
182,2022-09-01,Enterprise,1281.56,Mid-Market
183,2022-11-01,Pro,497.02,Mid-Market
184,2021-03-09,Enterprise,1067.83,Mid-Market
185,2023-03-08,Basic,48.69,Mid-Market
186,2021-02-24,Enterprise,602.37,Enterprise
187,2022-02-23,Basic,20.21,SMB
188,2023-10-01,Pro,427.54,SMB
189,2022-04-27,Basic,25.26,SMB
190,2023-04-05,Pro,426.07,SMB
191,2021-04-25,Enterprise,585.26,Mid-Market
192,2022-05-16,Basic,31.38,Enterprise
193,2023-09-14,Pro,173.88,Mid-Market
194,2023-10-08,Enterprise,1229.19,SMB
195,2020-10-06,Pro,422.49,Mid-Market
196,2022-08-02,Basic,92.98,Mid-Market
197,2020-05-26,Basic,72.01,Mid-Market
198,2022-09-11,Basic,41.0,Enterprise
199,2021-04-30,Pro,209.28,Mid-Market
200,2020-12-09,Basic,91.75,Enterprise
201,2021-08-31,Pro,263.46,Mid-Market
202,2021-05-08,Enterprise,511.72,Enterprise
203,2023-04-02,Basic,25.41,Enterprise
204,2020-12-13,Pro,407.64,Mid-Market
205,2020-01-10,Enterprise,1405.14,Mid-Market
206,2021-01-25,Enterprise,1915.05,Mid-Market
207,2020-10-29,Basic,58.61,SMB
208,2020-12-01,Pro,110.04,Mid-Market
209,2023-03-21,Enterprise,980.15,Mid-Market
210,2021-09-16,Basic,88.28,Mid-Market
211,2022-07-18,Pro,487.08,Enterprise
212,2020-09-17,Enterprise,886.31,SMB
213,2021-11-10,Pro,372.94,Enterprise
214,2023-10-25,Basic,68.83,SMB
215,2020-08-12,Pro,187.07,Mid-Market
216,2021-01-08,Basic,67.81,SMB
217,2021-12-06,Basic,82.69,SMB
218,2022-05-04,Pro,186.4,SMB
219,2023-07-24,Enterprise,1584.44,Mid-Market
220,2021-07-11,Pro,297.04,Enterprise
221,2021-07-01,Pro,430.48,Mid-Market
222,2023-07-19,Enterprise,980.89,Enterprise
223,2021-05-07,Enterprise,1975.37,Mid-Market
224,2021-11-06,Enterprise,1423.49,SMB
225,2023-03-05,Enterprise,925.04,Mid-Market
226,2021-12-17,Basic,20.51,Enterprise
227,2023-08-31,Enterprise,545.99,Enterprise
228,2022-11-23,Pro,284.48,Enterprise
229,2020-06-22,Basic,64.11,Mid-Market
230,2020-11-20,Pro,314.36,Mid-Market
231,2022-09-10,Basic,68.08,Mid-Market
232,2021-03-29,Pro,291.56,Enterprise
233,2020-06-05,Pro,115.7,Enterprise
234,2022-03-28,Basic,68.54,SMB
235,2021-01-07,Pro,178.09,Enterprise
236,2022-05-13,Basic,93.79,Enterprise
237,2020-02-20,Basic,99.82,Enterprise
238,2022-06-16,Pro,267.6,Mid-Market
239,2023-02-20,Enterprise,1109.02,SMB
240,2021-07-28,Pro,420.2,SMB
241,2020-08-24,Enterprise,740.9,Mid-Market
242,2020-10-12,Basic,48.98,SMB
243,2023-05-13,Enterprise,1145.35,Mid-Market
244,2021-04-16,Basic,83.71,Mid-Market
245,2020-05-19,Enterprise,558.26,Enterprise
246,2020-08-11,Enterprise,1021.38,Mid-Market
247,2022-10-12,Pro,221.07,Enterprise
248,2022-02-05,Basic,37.28,SMB
249,2023-09-14,Pro,489.97,SMB
250,2021-12-20,Pro,303.52,SMB
251,2023-03-24,Enterprise,1131.49,Enterprise
252,2023-05-09,Enterprise,1490.74,SMB
253,2023-12-19,Pro,447.11,SMB
254,2021-11-23,Basic,50.58,Enterprise
255,2023-03-17,Enterprise,1462.93,Mid-Market
256,2022-12-11,Enterprise,1217.13,Enterprise
257,2022-06-27,Pro,214.57,Enterprise
258,2020-04-26,Enterprise,1242.99,Mid-Market
259,2020-05-17,Basic,59.24,Enterprise
260,2023-12-15,Enterprise,1647.37,Mid-Market
261,2022-03-23,Pro,335.36,Enterprise
262,2022-01-28,Enterprise,1094.51,Mid-Market
263,2022-01-19,Pro,475.47,Enterprise
264,2021-06-07,Basic,45.65,SMB
265,2020-04-02,Pro,299.67,Enterprise
266,2022-07-01,Enterprise,549.14,SMB
267,2022-09-14,Basic,62.84,SMB
268,2023-06-29,Enterprise,1531.44,Enterprise
269,2022-02-25,Basic,57.3,SMB
270,2023-12-03,Pro,230.87,SMB
271,2021-06-06,Enterprise,1518.17,SMB
272,2022-07-13,Pro,428.28,Enterprise
273,2023-06-13,Basic,99.88,Mid-Market
274,2020-06-28,Pro,149.85,SMB
275,2021-10-14,Basic,44.19,Mid-Market
276,2023-10-14,Pro,483.8,SMB
277,2021-09-25,Enterprise,1751.94,SMB
278,2021-03-17,Pro,411.6,Enterprise
279,2023-05-27,Pro,162.35,Enterprise
280,2022-02-07,Pro,454.15,SMB
281,2020-09-23,Basic,64.19,Mid-Market
282,2021-09-22,Enterprise,1496.28,SMB
283,2022-04-18,Enterprise,599.08,Enterprise
284,2023-03-05,Basic,53.64,Mid-Market
285,2021-04-01,Basic,24.26,Enterprise
286,2022-12-12,Basic,23.35,SMB
287,2022-01-22,Enterprise,1759.18,Enterprise
288,2021-02-02,Enterprise,1575.55,Mid-Market
289,2020-11-28,Basic,67.71,Enterprise
290,2023-11-01,Enterprise,637.67,SMB
291,2023-07-11,Basic,31.66,Enterprise
292,2020-11-17,Pro,388.93,SMB
293,2020-07-12,Pro,359.17,SMB
294,2023-06-07,Enterprise,1961.63,Enterprise
295,2022-12-02,Basic,43.39,Enterprise
296,2021-03-26,Pro,456.78,Enterprise
297,2023-05-02,Basic,27.89,Mid-Market
298,2021-01-18,Pro,243.41,SMB
299,2020-06-27,Enterprise,1781.97,Enterprise
300,2023-12-01,Basic,39.28,Enterprise
301,2023-04-18,Pro,361.21,Mid-Market
302,2022-06-16,Pro,191.82,SMB
303,2023-02-09,Basic,84.2,Enterprise
304,2020-09-28,Enterprise,574.22,Mid-Market
305,2023-08-28,Enterprise,1058.21,SMB
306,2023-09-18,Enterprise,1776.57,SMB
307,2022-06-12,Basic,79.92,Enterprise
308,2020-02-07,Basic,95.52,Mid-Market
309,2021-10-14,Basic,81.22,SMB
310,2023-10-21,Enterprise,1087.86,Enterprise
311,2023-11-28,Enterprise,1869.01,SMB
312,2022-06-19,Pro,391.55,Enterprise
313,2021-12-16,Pro,214.2,Mid-Market
314,2023-06-02,Basic,49.51,Mid-Market
315,2020-10-11,Basic,35.48,SMB
316,2022-04-07,Pro,400.3,SMB
317,2020-04-20,Basic,67.06,Enterprise
318,2023-11-22,Enterprise,544.17,SMB
319,2021-08-28,Pro,213.97,Enterprise
320,2023-10-12,Pro,170.81,Mid-Market
321,2023-03-09,Basic,66.77,SMB
322,2022-08-10,Basic,42.22,SMB
323,2022-09-17,Basic,65.42,Mid-Market
324,2021-06-14,Pro,378.18,SMB
325,2021-10-17,Enterprise,649.66,SMB
326,2023-03-17,Pro,292.35,SMB
327,2022-04-30,Enterprise,1558.65,Enterprise
328,2023-09-26,Enterprise,979.03,Enterprise
329,2020-03-30,Basic,33.97,Enterprise
330,2021-03-10,Pro,475.08,Mid-Market
331,2020-07-16,Pro,275.13,Mid-Market
332,2020-03-11,Basic,20.17,Mid-Market
333,2023-11-20,Pro,308.43,Enterprise
334,2021-08-12,Pro,161.59,SMB
335,2020-09-02,Basic,49.79,SMB
336,2021-11-22,Basic,86.69,Mid-Market
337,2021-10-30,Pro,344.61,Mid-Market
338,2020-08-19,Enterprise,793.37,Mid-Market
339,2020-08-14,Basic,61.33,Mid-Market
340,2022-02-04,Basic,76.81,Enterprise
341,2020-06-02,Pro,460.92,Mid-Market
342,2020-09-08,Pro,332.23,Mid-Market
343,2021-01-30,Enterprise,1462.13,Mid-Market
344,2023-09-10,Basic,75.16,Enterprise
345,2023-01-04,Enterprise,1272.81,SMB
346,2022-09-30,Pro,347.84,SMB
347,2020-11-30,Enterprise,1253.12,Mid-Market
348,2022-12-21,Basic,98.22,Enterprise
349,2022-04-15,Basic,96.31,SMB
350,2023-09-24,Pro,229.07,SMB
351,2020-11-28,Pro,432.91,SMB
352,2022-01-30,Enterprise,859.84,SMB
353,2021-12-28,Pro,369.12,Enterprise
354,2020-04-07,Enterprise,1466.9,SMB
355,2022-01-04,Basic,58.18,Mid-Market
356,2022-11-05,Basic,92.06,Enterprise
357,2020-10-19,Enterprise,606.0,Mid-Market
358,2023-03-10,Pro,278.8,SMB
359,2022-10-21,Basic,96.47,SMB
360,2023-01-21,Basic,77.95,SMB
361,2021-02-03,Pro,270.1,Enterprise
362,2022-09-18,Pro,156.46,SMB
363,2020-06-21,Pro,463.64,SMB
364,2020-09-17,Enterprise,1176.95,SMB
365,2022-02-16,Basic,97.28,Mid-Market
366,2022-03-09,Pro,388.14,Mid-Market
367,2023-03-05,Basic,66.5,SMB
368,2022-08-01,Basic,81.57,Enterprise
369,2023-06-12,Pro,133.41,Enterprise
370,2023-12-03,Pro,341.56,SMB
371,2020-02-11,Basic,23.2,SMB
372,2021-01-21,Pro,336.37,Mid-Market
373,2020-09-27,Basic,76.53,Mid-Market
374,2020-09-08,Enterprise,1321.04,Enterprise
375,2022-12-26,Basic,53.42,Enterprise
376,2021-08-05,Basic,38.42,Mid-Market
377,2022-11-04,Basic,72.42,Enterprise
378,2021-03-17,Enterprise,730.08,SMB
379,2020-04-24,Pro,290.31,Mid-Market
380,2020-01-21,Enterprise,1928.34,Mid-Market
381,2023-04-17,Enterprise,1907.95,Mid-Market
382,2022-05-09,Pro,207.5,SMB
383,2023-05-12,Pro,191.41,SMB
384,2020-08-19,Enterprise,1472.36,SMB
385,2022-01-17,Pro,241.39,Enterprise
386,2023-03-01,Enterprise,538.03,Mid-Market
387,2020-12-21,Enterprise,802.46,SMB
388,2022-06-18,Enterprise,1853.99,Enterprise
389,2022-06-04,Basic,93.39,SMB
390,2020-03-12,Basic,90.94,SMB
391,2020-07-20,Basic,75.12,SMB
392,2020-05-07,Enterprise,1030.07,Mid-Market
393,2020-02-27,Basic,79.44,Enterprise
394,2020-03-09,Basic,50.13,SMB
395,2022-07-29,Enterprise,1710.03,Enterprise
396,2022-02-26,Basic,33.43,Mid-Market
397,2022-06-10,Enterprise,1632.17,SMB
398,2022-04-29,Basic,82.72,SMB
399,2021-09-08,Pro,461.85,Enterprise
400,2020-08-07,Pro,250.74,Mid-Market
401,2022-08-06,Basic,64.0,Enterprise
402,2020-06-07,Pro,493.37,SMB
403,2023-01-03,Pro,298.73,Mid-Market
404,2021-08-16,Enterprise,1399.92,Enterprise
405,2023-03-16,Basic,95.98,Enterprise
406,2021-09-07,Enterprise,750.5,SMB
407,2022-05-05,Pro,212.67,Enterprise
408,2023-04-05,Pro,225.73,Enterprise
409,2023-12-03,Enterprise,857.44,SMB
410,2020-06-22,Pro,360.28,Enterprise
411,2020-07-14,Pro,399.6,SMB
412,2020-08-05,Enterprise,655.79,SMB
413,2020-03-21,Enterprise,1922.22,Mid-Market
414,2023-05-21,Pro,210.05,Enterprise
415,2021-03-24,Pro,452.72,Mid-Market
416,2022-06-23,Enterprise,1047.84,Enterprise
417,2022-05-24,Enterprise,1738.25,Mid-Market
418,2020-05-18,Pro,145.28,SMB
419,2022-07-08,Enterprise,605.03,Mid-Market
420,2020-04-08,Enterprise,1160.19,Mid-Market
421,2020-06-22,Enterprise,1378.52,Enterprise
422,2021-10-31,Pro,352.53,Enterprise
423,2022-03-13,Basic,50.79,SMB
424,2020-07-02,Basic,21.31,Enterprise
425,2022-05-27,Basic,41.95,SMB
426,2022-10-21,Pro,356.97,Mid-Market
427,2020-11-19,Enterprise,1488.44,Mid-Market
428,2022-06-08,Enterprise,1481.03,Enterprise
429,2020-11-13,Pro,439.95,Enterprise
430,2020-05-10,Basic,80.61,SMB
431,2020-08-17,Pro,234.62,Enterprise
432,2022-05-20,Enterprise,1372.47,Enterprise
433,2021-08-22,Basic,84.42,Enterprise
434,2020-11-04,Pro,107.22,Mid-Market
435,2023-05-18,Pro,395.07,Mid-Market
436,2023-08-03,Enterprise,1622.24,SMB
437,2021-03-17,Pro,393.41,Mid-Market
438,2021-11-04,Pro,494.62,SMB
439,2020-05-31,Basic,45.86,Mid-Market
440,2023-09-30,Basic,28.05,Enterprise
441,2022-06-06,Enterprise,937.59,Enterprise
442,2022-07-30,Pro,124.87,Mid-Market
443,2022-06-13,Pro,350.21,Enterprise
444,2020-11-23,Enterprise,1832.05,SMB
445,2020-01-22,Pro,459.86,Enterprise
446,2021-01-25,Basic,74.29,Mid-Market
447,2023-08-09,Enterprise,1588.51,Enterprise
448,2022-12-10,Enterprise,1094.99,Enterprise
449,2021-01-26,Basic,21.1,Enterprise
450,2022-04-10,Enterprise,935.21,Enterprise
451,2021-03-06,Pro,413.72,SMB
452,2021-05-10,Enterprise,894.48,Mid-Market
453,2022-11-01,Basic,79.7,Enterprise
454,2021-06-08,Basic,61.94,Mid-Market
455,2021-07-12,Basic,28.51,Mid-Market
456,2020-05-11,Basic,61.88,Mid-Market
457,2022-08-28,Basic,27.36,Enterprise
458,2022-05-03,Pro,180.45,SMB
459,2022-08-17,Pro,256.04,SMB
460,2021-07-13,Basic,33.28,Enterprise
461,2023-12-27,Basic,79.13,Enterprise
462,2022-10-10,Basic,61.2,SMB
463,2021-07-29,Basic,95.97,SMB
464,2020-02-03,Pro,134.76,Mid-Market
465,2023-10-14,Basic,26.29,Mid-Market
466,2020-02-05,Enterprise,1949.95,SMB
467,2020-01-12,Basic,91.37,Mid-Market
468,2023-09-02,Pro,229.26,Enterprise
469,2021-03-24,Pro,488.23,SMB
470,2021-11-25,Basic,59.02,SMB
471,2020-02-08,Pro,424.62,Enterprise
472,2021-09-11,Enterprise,764.54,SMB
473,2022-04-03,Enterprise,1858.41,Enterprise
474,2021-12-04,Pro,188.81,Mid-Market
475,2020-01-05,Enterprise,1091.22,Enterprise
476,2021-08-31,Enterprise,1698.17,SMB
477,2023-08-01,Pro,144.41,Mid-Market
478,2021-08-19,Pro,162.85,SMB
479,2020-04-19,Basic,42.7,Enterprise
480,2020-06-05,Pro,420.71,Enterprise
481,2023-08-26,Pro,102.8,Mid-Market
482,2021-10-31,Enterprise,577.03,Mid-Market
483,2022-02-17,Enterprise,1591.24,Mid-Market
484,2020-09-10,Pro,103.13,Enterprise
485,2022-08-07,Basic,59.44,Mid-Market
486,2020-02-29,Enterprise,703.72,Enterprise
487,2021-04-02,Pro,480.51,SMB
488,2021-06-12,Enterprise,1820.36,SMB
489,2022-04-12,Enterprise,804.14,Enterprise
490,2021-08-29,Enterprise,1208.46,SMB
491,2021-02-06,Basic,82.75,SMB
492,2021-11-24,Basic,83.91,Enterprise
493,2020-01-12,Pro,388.29,Enterprise
494,2023-07-03,Pro,319.32,SMB
495,2020-02-19,Enterprise,1906.33,SMB
496,2023-06-07,Pro,306.45,Enterprise
497,2023-05-15,Enterprise,1008.26,Enterprise
498,2022-10-16,Enterprise,1762.7,SMB
499,2021-05-05,Enterprise,1756.8,SMB
500,2021-09-21,Basic,91.25,SMB
501,2021-02-06,Pro,227.8,SMB
502,2021-09-24,Basic,91.54,Enterprise
503,2020-01-16,Basic,84.77,Enterprise
504,2022-08-29,Pro,161.76,SMB
505,2022-09-15,Enterprise,1494.74,Mid-Market
506,2022-07-19,Enterprise,1288.11,Mid-Market
507,2021-09-15,Pro,334.49,Mid-Market
508,2023-10-15,Enterprise,1414.58,Mid-Market
509,2021-02-05,Enterprise,1068.52,SMB
510,2022-03-09,Basic,56.13,SMB
511,2023-01-17,Pro,314.68,Enterprise
512,2023-04-30,Pro,487.4,Mid-Market
513,2020-09-23,Pro,174.94,SMB
514,2023-01-05,Basic,42.1,Mid-Market
515,2023-12-15,Pro,218.59,SMB
516,2020-01-02,Enterprise,850.47,Mid-Market
517,2022-01-01,Pro,464.93,Enterprise
518,2023-06-05,Basic,22.28,Enterprise
519,2020-07-16,Basic,94.28,Mid-Market
520,2023-04-14,Pro,478.21,Enterprise
521,2023-09-08,Basic,78.64,Enterprise
522,2023-02-09,Basic,42.97,SMB
523,2022-10-14,Pro,494.98,Enterprise
524,2020-05-04,Basic,93.66,Enterprise
525,2023-02-07,Enterprise,1429.33,SMB
526,2020-03-29,Pro,458.12,Enterprise
527,2020-11-08,Pro,108.12,SMB
528,2021-03-03,Basic,49.06,SMB
529,2021-01-14,Enterprise,624.26,Enterprise
530,2020-07-18,Basic,42.81,Mid-Market
531,2022-06-15,Enterprise,1660.56,Enterprise
532,2023-12-16,Basic,24.05,Enterprise
533,2020-01-02,Basic,91.75,Mid-Market
534,2023-12-08,Enterprise,514.9,Mid-Market
535,2021-06-22,Pro,402.48,Enterprise
536,2022-04-15,Enterprise,1189.15,SMB
537,2023-05-19,Pro,241.86,Enterprise
538,2022-10-14,Pro,425.26,Mid-Market
539,2021-07-25,Enterprise,713.73,Mid-Market
540,2021-03-04,Basic,59.08,Mid-Market
541,2020-01-07,Basic,39.03,Mid-Market
542,2020-08-16,Enterprise,1398.8,Enterprise
543,2023-09-20,Enterprise,536.75,Enterprise
544,2021-04-21,Enterprise,1652.4,Mid-Market
545,2023-06-16,Enterprise,566.94,Mid-Market
546,2022-12-07,Enterprise,1468.32,SMB
547,2020-08-12,Enterprise,998.92,SMB
548,2023-11-26,Basic,76.95,Enterprise
549,2023-08-30,Pro,251.6,Enterprise
550,2023-07-27,Pro,210.0,Enterprise
551,2021-01-31,Enterprise,1146.6,SMB
552,2020-01-05,Basic,94.27,SMB
553,2022-11-10,Basic,65.63,SMB
554,2020-05-05,Pro,447.03,Mid-Market
555,2021-07-25,Basic,99.35,SMB
556,2023-05-24,Basic,25.34,SMB
557,2020-12-30,Basic,57.99,SMB
558,2022-03-09,Enterprise,1160.04,SMB
559,2021-10-21,Pro,459.93,SMB
560,2021-05-19,Basic,81.08,SMB
561,2023-02-17,Basic,69.95,SMB
562,2023-10-12,Basic,51.8,Enterprise
563,2021-06-28,Pro,459.04,Enterprise
564,2020-06-16,Enterprise,1417.01,Enterprise
565,2023-09-10,Basic,62.34,Enterprise
566,2021-09-15,Pro,107.35,Mid-Market
567,2020-01-04,Basic,31.69,Enterprise
568,2023-10-21,Enterprise,1922.67,SMB
569,2021-09-24,Basic,40.21,SMB
570,2022-05-06,Enterprise,931.13,SMB
571,2020-02-13,Basic,30.85,SMB
572,2023-06-23,Enterprise,1548.02,Mid-Market
573,2021-09-17,Enterprise,1390.98,SMB
574,2021-04-02,Basic,36.09,SMB
575,2021-12-18,Pro,373.16,Enterprise
576,2021-04-05,Enterprise,1352.28,SMB
577,2023-09-02,Basic,58.59,Mid-Market
578,2023-01-23,Basic,21.28,Mid-Market
579,2020-07-09,Pro,426.16,Mid-Market
580,2020-03-13,Enterprise,1119.86,Mid-Market
581,2020-01-06,Enterprise,1308.11,SMB
582,2021-07-18,Pro,164.27,SMB
583,2020-06-27,Enterprise,1465.82,SMB
584,2020-10-16,Enterprise,770.84,Enterprise
585,2020-10-08,Pro,391.07,SMB
586,2020-11-23,Pro,481.31,Mid-Market
587,2021-02-10,Basic,62.79,SMB
588,2022-07-14,Basic,88.62,Mid-Market
589,2021-06-18,Pro,277.76,Enterprise
590,2020-11-24,Basic,31.25,SMB
591,2020-07-23,Basic,80.04,Enterprise
592,2022-08-05,Basic,74.66,Mid-Market
593,2023-02-07,Enterprise,1997.95,Mid-Market
594,2023-04-23,Pro,146.29,Mid-Market
595,2020-10-26,Pro,193.4,Enterprise
596,2020-07-29,Basic,51.58,Enterprise
597,2022-03-27,Pro,387.77,SMB
598,2021-10-16,Basic,41.03,SMB
599,2022-04-02,Basic,63.39,SMB
600,2020-01-18,Pro,475.33,Mid-Market
601,2023-05-29,Basic,73.07,Enterprise
602,2023-07-21,Basic,40.53,Enterprise
603,2022-09-10,Enterprise,1222.3,Enterprise
604,2022-10-23,Enterprise,1471.33,SMB
605,2020-12-29,Pro,143.55,Enterprise
606,2022-02-08,Enterprise,1798.8,SMB
607,2023-09-29,Enterprise,1780.13,SMB
608,2023-11-29,Enterprise,1334.57,Mid-Market
609,2023-11-08,Enterprise,827.67,Enterprise
610,2021-05-04,Enterprise,908.52,SMB
611,2020-02-23,Basic,85.88,Mid-Market
612,2020-10-08,Enterprise,1816.94,Enterprise
613,2020-05-03,Pro,459.71,Enterprise
614,2022-06-27,Pro,154.08,SMB
615,2022-05-16,Basic,38.52,Enterprise
616,2021-09-06,Enterprise,1963.64,SMB
617,2023-06-19,Basic,29.31,Enterprise
618,2020-11-16,Pro,244.42,SMB
619,2020-11-04,Enterprise,1696.61,Enterprise
620,2021-06-03,Pro,175.6,Enterprise
621,2021-05-14,Basic,40.2,SMB
622,2020-12-16,Pro,215.61,SMB
623,2023-01-21,Enterprise,896.64,SMB
624,2023-09-23,Basic,53.44,SMB
625,2020-07-22,Pro,195.82,Mid-Market
626,2022-02-28,Enterprise,1010.96,SMB
627,2020-07-04,Pro,472.12,Enterprise
628,2020-06-12,Enterprise,1297.06,SMB
629,2021-10-22,Enterprise,1984.9,Enterprise
630,2023-05-09,Enterprise,917.07,Mid-Market
631,2021-03-25,Pro,281.11,Mid-Market
632,2022-11-11,Enterprise,514.11,Mid-Market
633,2020-03-20,Enterprise,1875.05,SMB
634,2021-03-19,Basic,88.57,Enterprise
635,2022-08-05,Pro,495.9,Enterprise
636,2020-04-25,Pro,499.48,Mid-Market
637,2022-08-05,Basic,62.31,Mid-Market
638,2021-10-03,Pro,164.61,SMB
639,2020-01-26,Enterprise,616.08,Mid-Market
640,2023-10-05,Pro,275.04,Enterprise
641,2021-08-24,Basic,50.35,SMB
642,2021-05-24,Basic,27.05,Enterprise
643,2023-12-06,Pro,226.19,Mid-Market
644,2021-07-28,Basic,57.81,Enterprise
645,2021-11-12,Pro,447.55,Mid-Market
646,2023-10-08,Pro,317.99,SMB
647,2021-06-04,Enterprise,1751.12,Enterprise
648,2020-06-16,Pro,134.52,Mid-Market
649,2022-04-07,Pro,347.01,SMB
650,2023-07-17,Pro,155.33,Mid-Market
651,2023-01-22,Basic,65.3,SMB
652,2020-12-06,Pro,180.02,SMB
653,2022-04-03,Pro,461.42,SMB
654,2023-04-29,Enterprise,1084.81,Mid-Market
655,2021-02-10,Basic,48.06,SMB
656,2023-10-01,Basic,57.77,SMB
657,2020-10-11,Pro,420.2,Mid-Market
658,2022-03-02,Pro,144.41,Enterprise
659,2023-03-15,Pro,195.89,Mid-Market
660,2020-12-17,Enterprise,1038.35,SMB
661,2020-02-14,Enterprise,794.8,SMB
662,2022-02-28,Enterprise,1111.94,SMB
663,2021-10-19,Enterprise,1510.82,SMB
664,2023-10-12,Enterprise,889.61,Enterprise
665,2021-03-19,Enterprise,1288.24,Mid-Market
666,2023-12-08,Enterprise,1410.72,SMB
667,2023-12-04,Pro,423.62,SMB
668,2020-06-19,Pro,119.68,SMB
669,2022-09-14,Enterprise,1482.3,SMB
670,2022-04-30,Basic,87.91,Enterprise
671,2020-05-28,Enterprise,699.78,Enterprise
672,2022-08-13,Pro,499.31,SMB
673,2020-10-25,Pro,198.64,Mid-Market
674,2023-02-25,Enterprise,872.46,Enterprise
675,2021-11-01,Basic,68.98,Mid-Market
676,2021-07-08,Pro,384.81,Mid-Market
677,2020-07-24,Enterprise,1176.71,SMB
678,2020-02-24,Pro,405.23,SMB
679,2021-11-19,Pro,100.91,Mid-Market
680,2022-06-22,Basic,26.4,Enterprise
681,2022-05-12,Enterprise,730.21,SMB
682,2020-09-27,Pro,122.36,SMB
683,2023-05-24,Basic,35.93,Enterprise
684,2023-07-30,Basic,39.02,SMB
685,2021-08-06,Pro,311.49,SMB
686,2023-01-22,Pro,492.68,Mid-Market
687,2020-09-01,Pro,470.92,SMB
688,2023-06-03,Enterprise,1255.65,SMB
689,2022-11-10,Pro,119.27,Mid-Market
690,2023-03-08,Basic,76.47,Enterprise
691,2022-07-28,Basic,40.12,Mid-Market
692,2020-11-29,Basic,65.64,Mid-Market
693,2022-09-19,Pro,104.64,Mid-Market
694,2020-12-20,Basic,47.65,Mid-Market
695,2022-11-09,Pro,171.4,Mid-Market
696,2022-12-21,Enterprise,963.49,Mid-Market
697,2021-05-09,Basic,78.24,SMB
698,2023-07-09,Basic,92.95,Enterprise
699,2022-10-19,Pro,315.47,Enterprise
700,2022-01-03,Basic,64.66,Enterprise
701,2020-12-20,Pro,435.52,Mid-Market
702,2022-09-08,Pro,139.05,SMB
703,2021-03-02,Basic,52.22,SMB
704,2020-12-05,Basic,59.88,Enterprise
705,2021-08-20,Enterprise,1682.05,Mid-Market
706,2020-11-25,Basic,89.92,Mid-Market
707,2021-07-01,Enterprise,1146.84,Enterprise
708,2023-10-05,Basic,42.39,Mid-Market
709,2020-03-13,Basic,93.14,Mid-Market
710,2021-11-11,Pro,141.8,Mid-Market
711,2021-11-13,Pro,145.6,Mid-Market
712,2020-09-02,Basic,82.93,Enterprise
713,2021-01-07,Pro,162.48,Mid-Market
714,2021-04-12,Pro,377.76,Enterprise
715,2023-04-07,Pro,206.16,Mid-Market
716,2022-10-14,Basic,20.55,SMB
717,2022-06-22,Pro,355.69,Mid-Market
718,2020-09-02,Basic,84.42,Mid-Market
719,2021-02-24,Pro,362.08,SMB
720,2023-12-26,Basic,45.17,SMB
721,2020-09-25,Pro,449.06,Enterprise
722,2020-05-10,Enterprise,693.38,Mid-Market
723,2021-08-26,Basic,25.48,Mid-Market
724,2022-04-19,Pro,378.14,SMB
725,2022-10-31,Enterprise,1769.04,Enterprise
726,2021-04-21,Basic,87.14,SMB
727,2023-01-04,Pro,264.14,Enterprise
728,2020-03-09,Enterprise,810.04,Mid-Market
729,2022-04-04,Basic,67.81,Mid-Market
730,2023-02-23,Pro,368.53,Mid-Market
731,2023-07-06,Pro,386.27,Enterprise
732,2020-01-06,Basic,47.0,Mid-Market
733,2022-12-03,Enterprise,1520.58,SMB
734,2021-10-02,Enterprise,764.86,Mid-Market
735,2020-09-24,Pro,235.54,Enterprise
736,2021-01-17,Pro,425.11,Mid-Market
737,2021-04-10,Enterprise,926.61,Enterprise
738,2021-11-19,Enterprise,765.49,Enterprise
739,2020-10-01,Basic,89.55,Enterprise
740,2020-12-31,Pro,154.1,Enterprise
741,2023-09-05,Basic,89.71,Enterprise
742,2023-10-16,Enterprise,804.71,SMB
743,2020-01-14,Enterprise,1520.21,Enterprise
744,2023-09-16,Basic,91.82,Enterprise
745,2022-04-25,Pro,170.98,SMB
746,2020-08-19,Basic,88.66,Mid-Market
747,2020-12-09,Enterprise,1271.79,SMB
748,2021-08-02,Pro,468.73,Mid-Market
749,2023-09-30,Basic,57.2,SMB
750,2020-08-07,Enterprise,955.98,Enterprise
751,2023-05-22,Pro,222.55,Mid-Market
752,2020-12-16,Pro,262.53,Enterprise
753,2022-12-26,Pro,278.37,SMB
754,2021-06-19,Pro,103.81,Enterprise
755,2023-04-15,Enterprise,1850.74,SMB
756,2022-01-30,Enterprise,873.53,Enterprise
757,2023-08-04,Basic,55.51,SMB
758,2021-06-20,Pro,229.97,Enterprise
759,2023-03-11,Basic,94.4,SMB
760,2020-06-29,Basic,26.39,SMB
761,2021-03-20,Enterprise,1795.8,Mid-Market
762,2020-09-21,Enterprise,1132.63,SMB
763,2021-06-26,Pro,417.44,SMB
764,2023-11-05,Pro,430.19,Enterprise
765,2021-08-03,Enterprise,1384.1,SMB
766,2020-11-26,Pro,200.09,Mid-Market
767,2020-09-13,Enterprise,511.35,SMB
768,2021-03-04,Enterprise,1870.59,Mid-Market
769,2020-09-05,Enterprise,980.21,Enterprise
770,2022-02-11,Pro,444.48,Mid-Market
771,2023-08-11,Pro,295.1,Mid-Market
772,2023-12-19,Enterprise,1429.55,Mid-Market
773,2023-04-10,Pro,318.95,SMB
774,2021-08-20,Pro,110.94,Mid-Market
775,2022-08-20,Enterprise,665.59,SMB
776,2022-04-05,Enterprise,1025.06,Mid-Market
777,2021-01-31,Pro,202.25,Mid-Market
778,2020-07-16,Pro,416.75,Mid-Market
779,2022-11-28,Basic,52.36,Mid-Market
780,2023-05-12,Basic,42.2,Enterprise
781,2023-03-22,Enterprise,509.71,SMB
782,2023-12-19,Enterprise,663.19,SMB
783,2021-06-14,Pro,125.4,Enterprise
784,2020-08-05,Basic,27.35,Mid-Market
785,2021-08-31,Pro,154.55,Mid-Market
786,2023-02-14,Enterprise,1041.86,Mid-Market
787,2023-03-17,Enterprise,521.41,Enterprise
788,2023-02-24,Pro,135.53,SMB
789,2022-04-29,Pro,314.56,SMB
790,2020-06-20,Basic,77.79,SMB
791,2020-05-15,Pro,226.64,Mid-Market
792,2020-05-05,Enterprise,1743.46,SMB
793,2020-10-11,Enterprise,840.89,SMB
794,2023-09-08,Basic,34.98,Enterprise
795,2021-01-13,Pro,144.15,SMB
796,2021-09-07,Pro,488.35,Enterprise
797,2023-10-20,Enterprise,634.61,Enterprise
798,2023-04-02,Basic,26.69,Mid-Market
799,2023-09-24,Pro,136.07,Enterprise
800,2023-08-08,Pro,499.09,Enterprise
801,2023-05-12,Enterprise,887.94,SMB
802,2023-08-22,Enterprise,1255.16,Enterprise
803,2022-01-01,Basic,38.85,Enterprise
804,2023-12-15,Enterprise,794.67,Mid-Market
805,2020-08-01,Enterprise,1289.02,Mid-Market
806,2020-12-17,Pro,213.84,Mid-Market
807,2022-03-03,Enterprise,840.93,Mid-Market
808,2020-03-27,Basic,40.59,Enterprise
809,2020-03-18,Basic,91.82,Mid-Market
810,2020-04-16,Enterprise,511.19,Enterprise
811,2022-09-10,Pro,358.6,SMB
812,2023-02-21,Pro,137.61,SMB
813,2021-09-12,Basic,98.89,SMB
814,2020-10-10,Basic,50.07,Mid-Market
815,2022-11-09,Basic,77.31,Mid-Market
816,2022-11-16,Enterprise,618.32,Mid-Market
817,2020-06-05,Enterprise,1749.75,Enterprise
818,2020-07-23,Basic,86.39,Enterprise
819,2022-02-01,Enterprise,990.67,Enterprise
820,2023-07-06,Pro,153.27,SMB
821,2020-11-19,Basic,46.18,Enterprise
822,2023-02-21,Pro,371.53,Enterprise
823,2020-12-25,Enterprise,1033.54,Enterprise
824,2022-06-20,Basic,66.9,Enterprise
825,2023-10-27,Pro,461.73,Mid-Market
826,2023-09-03,Basic,49.34,SMB
827,2023-03-15,Basic,51.99,Mid-Market
828,2021-08-30,Basic,29.3,SMB
829,2023-09-26,Enterprise,875.14,Enterprise
830,2023-04-09,Basic,71.88,SMB
831,2020-04-19,Enterprise,1074.33,SMB
832,2020-05-17,Pro,131.26,Mid-Market
833,2021-01-04,Pro,415.03,SMB
834,2023-05-07,Enterprise,720.81,Enterprise
835,2020-01-13,Enterprise,1435.99,Enterprise
836,2020-11-22,Basic,51.36,Enterprise
837,2021-09-10,Basic,54.38,Mid-Market
838,2021-04-21,Basic,21.96,SMB
839,2021-07-15,Pro,285.66,Mid-Market
840,2022-06-03,Enterprise,1417.87,Enterprise
841,2023-01-18,Enterprise,1062.01,Mid-Market
842,2020-02-18,Pro,227.01,Enterprise
843,2020-06-08,Enterprise,1652.73,SMB
844,2020-10-31,Pro,434.17,Enterprise
845,2023-11-12,Enterprise,789.56,SMB
846,2023-12-09,Pro,117.83,Enterprise
847,2023-06-18,Basic,65.04,SMB
848,2023-12-21,Enterprise,1910.09,Mid-Market
849,2021-11-28,Basic,82.82,Mid-Market
850,2021-08-24,Pro,462.75,Enterprise
851,2021-04-25,Enterprise,917.34,SMB
852,2022-07-15,Enterprise,1914.0,Mid-Market
853,2021-11-24,Basic,93.34,SMB
854,2022-10-11,Basic,68.22,Enterprise
855,2021-07-15,Basic,23.84,Enterprise
856,2023-07-11,Pro,441.6,Mid-Market
857,2022-12-29,Enterprise,841.63,SMB
858,2023-02-22,Enterprise,1787.98,SMB
859,2022-01-09,Pro,154.91,SMB
860,2022-01-29,Basic,63.18,Enterprise
861,2020-04-03,Basic,26.38,Enterprise
862,2022-04-07,Pro,374.01,Mid-Market
863,2020-03-23,Enterprise,907.7,Mid-Market
864,2022-11-15,Pro,494.45,Mid-Market
865,2023-09-12,Basic,79.64,Enterprise
866,2023-01-29,Basic,87.42,Mid-Market
867,2020-11-06,Basic,80.59,Enterprise
868,2022-08-22,Enterprise,1819.61,Enterprise
869,2021-06-06,Enterprise,656.06,SMB
870,2021-09-04,Basic,55.7,Mid-Market
871,2023-04-06,Pro,138.65,Mid-Market
872,2020-05-31,Basic,29.63,Enterprise
873,2022-08-14,Enterprise,1394.86,Mid-Market
874,2022-11-25,Pro,272.65,Enterprise
875,2021-09-09,Basic,94.29,SMB
876,2021-12-02,Pro,381.43,SMB
877,2020-10-08,Enterprise,1050.54,Enterprise
878,2022-09-18,Pro,214.7,Mid-Market
879,2022-10-08,Pro,308.63,Enterprise
880,2020-03-02,Enterprise,1561.86,Enterprise
881,2022-11-13,Enterprise,674.93,SMB
882,2020-10-27,Basic,85.09,SMB
883,2022-11-26,Pro,343.41,Enterprise
884,2021-01-14,Enterprise,622.66,Mid-Market
885,2022-08-12,Pro,192.06,Enterprise
886,2021-09-02,Pro,423.86,Enterprise
887,2022-11-22,Pro,128.68,Mid-Market
888,2020-10-13,Enterprise,1077.99,SMB
889,2023-02-24,Basic,34.26,SMB
890,2022-04-01,Basic,33.94,Enterprise
891,2022-07-10,Basic,97.22,Enterprise
892,2022-03-12,Pro,225.79,Enterprise
893,2020-04-10,Basic,91.38,Mid-Market
894,2021-09-07,Pro,177.02,Enterprise
895,2021-12-19,Pro,386.64,Enterprise
896,2021-10-19,Enterprise,1684.9,Mid-Market
897,2020-08-01,Basic,58.46,Enterprise
898,2022-05-09,Basic,36.73,Enterprise
899,2020-06-18,Pro,286.98,SMB
900,2023-02-25,Basic,96.77,Enterprise
901,2021-08-19,Enterprise,1799.92,Enterprise
902,2023-12-02,Basic,59.3,SMB
903,2022-03-08,Enterprise,1523.65,Enterprise
904,2021-09-14,Pro,264.71,Mid-Market
905,2021-04-19,Enterprise,1765.77,Enterprise
906,2022-02-02,Enterprise,1070.02,SMB
907,2023-01-12,Pro,216.4,Mid-Market
908,2022-04-10,Basic,56.06,SMB
909,2021-01-24,Basic,53.93,Enterprise
910,2022-12-16,Basic,93.7,SMB
911,2023-04-04,Enterprise,1002.01,Mid-Market
912,2022-05-17,Enterprise,1472.67,Mid-Market
913,2023-08-03,Pro,307.3,SMB
914,2020-01-29,Basic,30.5,Enterprise
915,2021-12-28,Basic,34.8,Mid-Market
916,2023-02-26,Enterprise,1863.26,Enterprise
917,2021-07-18,Enterprise,633.95,Mid-Market
918,2020-01-18,Basic,40.17,Enterprise
919,2021-12-20,Pro,370.78,Mid-Market
920,2021-10-21,Enterprise,756.13,Enterprise
921,2020-12-12,Pro,130.22,Enterprise
922,2021-10-10,Enterprise,1318.3,Mid-Market
923,2020-08-14,Enterprise,852.23,Mid-Market
924,2020-03-06,Pro,394.92,Enterprise
925,2020-09-16,Pro,351.2,SMB
926,2021-12-19,Enterprise,1141.5,Enterprise
927,2021-12-01,Pro,408.01,SMB
928,2020-10-28,Enterprise,874.43,SMB
929,2022-09-21,Pro,240.58,SMB
930,2022-04-25,Pro,298.84,SMB
931,2020-01-30,Enterprise,678.86,Enterprise
932,2022-01-04,Enterprise,1742.22,Mid-Market
933,2023-08-25,Pro,412.91,Enterprise
934,2020-11-17,Pro,126.66,SMB
935,2021-09-06,Pro,435.62,SMB
936,2023-12-03,Basic,99.15,Enterprise
937,2020-03-11,Enterprise,1134.13,Enterprise
938,2022-07-30,Basic,78.32,SMB
939,2021-02-13,Basic,51.36,Enterprise
940,2020-06-23,Enterprise,775.35,Mid-Market
941,2020-09-04,Enterprise,583.64,Enterprise
942,2023-11-18,Enterprise,1412.57,Mid-Market
943,2020-07-24,Pro,371.18,SMB
944,2021-10-04,Enterprise,1991.74,SMB
945,2023-05-19,Basic,78.85,SMB
946,2021-10-28,Basic,60.46,Enterprise
947,2023-09-14,Enterprise,544.92,SMB
948,2023-02-11,Enterprise,1144.01,SMB
949,2023-05-10,Enterprise,1188.9,Enterprise
950,2023-10-14,Basic,26.7,SMB
951,2021-05-29,Basic,95.29,Mid-Market
952,2020-09-09,Pro,258.06,Mid-Market
953,2022-09-04,Pro,102.79,SMB
954,2020-11-01,Basic,72.1,Mid-Market
955,2021-07-08,Basic,23.68,Enterprise
956,2020-09-19,Pro,220.76,Mid-Market
957,2023-05-19,Enterprise,1226.94,Enterprise
958,2020-02-17,Enterprise,1164.4,Mid-Market
959,2020-10-28,Basic,79.65,SMB
960,2020-08-23,Pro,177.64,Enterprise
961,2021-12-21,Pro,157.29,Enterprise
962,2023-12-11,Enterprise,600.87,Mid-Market
963,2023-10-27,Enterprise,601.63,SMB
964,2023-11-01,Pro,341.08,Enterprise
965,2022-08-25,Basic,78.62,Mid-Market
966,2021-02-19,Pro,182.61,SMB
967,2021-08-13,Pro,277.82,SMB
968,2022-03-02,Pro,324.08,Mid-Market
969,2023-09-13,Enterprise,564.46,SMB
970,2022-07-18,Pro,281.15,Mid-Market
971,2021-11-06,Pro,330.52,Mid-Market
972,2023-06-28,Pro,194.73,SMB
973,2020-09-06,Enterprise,1627.22,Mid-Market
974,2023-03-20,Pro,219.03,Mid-Market
975,2020-01-21,Pro,322.84,Mid-Market
976,2021-01-28,Pro,444.59,Enterprise
977,2020-11-23,Basic,72.65,Enterprise
978,2020-04-26,Enterprise,1214.21,SMB
979,2022-03-25,Pro,264.17,Enterprise
980,2022-03-18,Basic,73.89,Mid-Market
981,2020-01-26,Basic,47.61,Enterprise
982,2023-05-14,Basic,21.75,SMB
983,2021-11-02,Pro,382.84,Mid-Market
984,2021-04-18,Pro,260.84,Enterprise
985,2020-10-16,Basic,57.78,Enterprise
986,2020-06-26,Pro,427.55,Enterprise
987,2023-08-15,Basic,59.27,Enterprise
988,2020-12-22,Enterprise,1615.78,SMB
989,2021-04-15,Pro,319.19,Mid-Market
990,2022-04-01,Basic,90.66,SMB
991,2023-09-13,Basic,69.85,Mid-Market
992,2021-01-16,Basic,56.72,SMB
993,2022-09-19,Pro,484.56,Enterprise
994,2020-02-26,Enterprise,1455.05,Mid-Market
995,2022-06-04,Basic,27.86,SMB
996,2021-04-02,Basic,37.55,SMB
997,2023-05-16,Pro,324.41,Enterprise
998,2020-06-24,Pro,327.42,Mid-Market
999,2023-11-18,Pro,181.15,SMB
1000,2023-08-02,Basic,48.52,Mid-Market
