customer_id,interaction_date,interaction_type,nps_last_research
380,2026-05-13,Reunião QBR,
80,2022-05-15,Suporte Técnico,
960,2021-05-16,Reunião QBR,9.0
728,2022-05-11,Suporte Técnico,9.0
516,2023-12-28,Reunião QBR,
490,2026-09-15,Reunião QBR,
60,2020-08-12,Suporte Técnico,3.0
806,2022-10-22,Suporte Técnico,
439,2023-10-18,Suporte Técnico,
751,2023-10-15,Reunião QBR,
66,2022-12-14,Suporte Técnico,7.0
191,2021-10-21,Suporte Técnico,4.0
885,2023-11-04,Email de Acompanhamento,
222,2022-03-24,Email de Acompanhamento,
526,2023-03-23,Email de Acompanhamento,
141,2022-01-28,Suporte Técnico,2.0
541,2025-02-25,Email de Acompanhamento,7.0
589,2026-03-05,Suporte Técnico,3.0
347,2021-07-07,Email de Acompanhamento,
254,2023-02-27,Reunião QBR,
965,2023-01-19,Email de Acompanhamento,7.0
879,2022-05-17,Reunião QBR,
931,2023-02-21,Reunião QBR,6.0
834,2024-09-25,Email de Acompanhamento,8.0
794,2022-07-31,Suporte Técnico,
277,2025-04-04,Suporte Técnico,8.0
38,2025-10-17,Suporte Técnico,
743,2023-09-22,Suporte Técnico,8.0
940,2023-05-21,Email de Acompanhamento,4.0
457,2024-01-19,Suporte Técnico,4.0
142,2021-10-10,Reunião QBR,5.0
494,2022-04-22,Reunião QBR,
740,2024-04-22,Reunião QBR,
23,2024-02-09,Suporte Técnico,5.0
588,2023-04-04,Suporte Técnico,
526,2023-04-30,Suporte Técnico,2.0
613,2021-02-19,Email de Acompanhamento,6.0
621,2022-06-21,Email de Acompanhamento,
928,2023-01-17,Email de Acompanhamento,
270,2022-12-21,Suporte Técnico,5.0
613,2020-10-13,Reunião QBR,
262,2020-09-01,Suporte Técnico,
889,2024-06-29,Suporte Técnico,
513,2022-10-03,Reunião QBR,4.0
310,2023-06-29,Suporte Técnico,7.0
236,2022-07-17,Email de Acompanhamento,6.0
703,2025-06-09,Suporte Técnico,
567,2024-01-11,Reunião QBR,
18,2022-06-23,Email de Acompanhamento,9.0
550,2025-02-09,Reunião QBR,1.0
831,2025-09-17,Email de Acompanhamento,8.0
377,2025-04-21,Suporte Técnico,
859,2023-01-08,Email de Acompanhamento,8.0
499,2024-02-04,Reunião QBR,
106,2023-08-31,Email de Acompanhamento,10.0
151,2025-04-04,Reunião QBR,
643,2023-07-05,Reunião QBR,
761,2023-03-21,Suporte Técnico,1.0
317,2022-05-25,Reunião QBR,
389,2025-02-07,Suporte Técnico,8.0
85,2024-05-23,Reunião QBR,
832,2021-03-16,Reunião QBR,8.0
308,2021-06-07,Email de Acompanhamento,
131,2021-02-17,Email de Acompanhamento,4.0
629,2022-03-04,Suporte Técnico,
28,2023-07-19,Suporte Técnico,1.0
723,2022-09-30,Email de Acompanhamento,
900,2024-07-20,Reunião QBR,
284,2023-08-10,Suporte Técnico,7.0
130,2021-11-05,Reunião QBR,
550,2026-03-04,Email de Acompanhamento,
918,2025-05-06,Email de Acompanhamento,4.0
786,2022-07-03,Email de Acompanhamento,
291,2023-02-27,Suporte Técnico,2.0
42,2023-10-18,Reunião QBR,
849,2022-12-21,Suporte Técnico,
939,2022-10-02,Reunião QBR,3.0
515,2023-09-08,Reunião QBR,
343,2024-11-27,Reunião QBR,1.0
114,2025-04-06,Reunião QBR,
434,2024-01-26,Suporte Técnico,
246,2024-08-12,Reunião QBR,3.0
470,2025-08-13,Reunião QBR,
114,2024-05-28,Reunião QBR,
882,2022-04-21,Email de Acompanhamento,
742,2024-01-26,Reunião QBR,10.0
181,2021-11-15,Reunião QBR,
275,2023-10-03,Reunião QBR,1.0
372,2024-06-08,Email de Acompanhamento,
612,2021-07-19,Reunião QBR,9.0
217,2022-12-11,Email de Acompanhamento,1.0
64,2021-10-16,Suporte Técnico,0.0
231,2023-12-23,Suporte Técnico,8.0
844,2020-07-15,Email de Acompanhamento,
68,2022-01-05,Email de Acompanhamento,6.0
208,2024-03-11,Suporte Técnico,4.0
204,2023-09-06,Email de Acompanhamento,9.0
557,2025-10-18,Suporte Técnico,2.0
713,2022-01-12,Reunião QBR,
235,2023-02-06,Reunião QBR,
742,2023-08-23,Email de Acompanhamento,
587,2023-05-21,Email de Acompanhamento,4.0
507,2022-11-20,Email de Acompanhamento,8.0
307,2023-02-12,Email de Acompanhamento,
362,2023-05-07,Reunião QBR,2.0
11,2025-09-19,Suporte Técnico,
906,2024-04-22,Email de Acompanhamento,
259,2024-04-28,Suporte Técnico,3.0
217,2022-01-09,Email de Acompanhamento,0.0
92,2021-12-20,Suporte Técnico,
587,2022-11-11,Email de Acompanhamento,
783,2024-03-19,Suporte Técnico,10.0
38,2023-12-04,Email de Acompanhamento,
6,2023-01-24,Email de Acompanhamento,
230,2022-11-06,Email de Acompanhamento,4.0
528,2022-03-11,Email de Acompanhamento,4.0
584,2020-10-04,Reunião QBR,
994,2024-12-30,Email de Acompanhamento,
53,2022-10-12,Suporte Técnico,3.0
825,2024-06-16,Suporte Técnico,
611,2023-10-07,Suporte Técnico,9.0
757,2023-03-11,Reunião QBR,
949,2022-06-16,Reunião QBR,
511,2023-12-11,Reunião QBR,4.0
966,2024-07-25,Reunião QBR,
282,2022-09-10,Email de Acompanhamento,
281,2022-10-24,Email de Acompanhamento,5.0
73,2022-02-19,Email de Acompanhamento,1.0
885,2022-10-30,Reunião QBR,10.0
788,2020-09-17,Suporte Técnico,
656,2021-12-05,Suporte Técnico,1.0
766,2025-01-24,Suporte Técnico,
873,2022-09-29,Email de Acompanhamento,
880,2023-11-26,Suporte Técnico,2.0
918,2024-12-12,Suporte Técnico,
278,2025-08-13,Suporte Técnico,
317,2021-07-30,Email de Acompanhamento,
761,2023-01-22,Email de Acompanhamento,
38,2024-09-21,Reunião QBR,
62,2021-06-30,Email de Acompanhamento,
290,2025-01-22,Email de Acompanhamento,
240,2022-03-30,Email de Acompanhamento,
729,2023-02-13,Reunião QBR,9.0
261,2025-10-13,Suporte Técnico,10.0
225,2023-12-26,Reunião QBR,
585,2021-04-02,Reunião QBR,
624,2024-01-11,Reunião QBR,10.0
26,2026-03-29,Email de Acompanhamento,
478,2025-08-31,Suporte Técnico,
164,2025-03-28,Reunião QBR,1.0
497,2022-12-22,Suporte Técnico,3.0
427,2023-03-24,Email de Acompanhamento,1.0
789,2024-11-05,Reunião QBR,10.0
23,2025-02-02,Suporte Técnico,9.0
131,2022-02-20,Reunião QBR,5.0
657,2022-08-29,Email de Acompanhamento,
916,2023-09-04,Reunião QBR,
242,2024-09-11,Email de Acompanhamento,3.0
766,2024-05-06,Reunião QBR,
338,2023-03-30,Email de Acompanhamento,
845,2023-08-15,Email de Acompanhamento,
916,2023-06-11,Email de Acompanhamento,9.0
153,2023-06-30,Reunião QBR,5.0
830,2025-11-07,Reunião QBR,5.0
999,2021-09-22,Suporte Técnico,
578,2022-09-21,Email de Acompanhamento,
355,2024-01-22,Reunião QBR,7.0
237,2023-04-10,Email de Acompanhamento,1.0
730,2023-04-04,Email de Acompanhamento,
456,2025-02-06,Suporte Técnico,
148,2023-08-25,Suporte Técnico,
459,2021-11-09,Reunião QBR,
873,2022-02-17,Suporte Técnico,7.0
883,2023-03-30,Suporte Técnico,5.0
119,2022-09-10,Reunião QBR,
18,2022-08-19,Email de Acompanhamento,0.0
79,2026-06-17,Reunião QBR,7.0
661,2022-08-07,Suporte Técnico,
468,2023-12-26,Reunião QBR,1.0
661,2024-04-10,Reunião QBR,
151,2025-09-22,Reunião QBR,0.0
73,2022-07-30,Suporte Técnico,2.0
474,2023-06-14,Email de Acompanhamento,
711,2024-04-05,Reunião QBR,10.0
871,2021-04-26,Suporte Técnico,6.0
367,2023-08-13,Reunião QBR,
662,2024-10-20,Suporte Técnico,
338,2024-01-05,Reunião QBR,7.0
126,2021-01-11,Reunião QBR,
752,2022-09-03,Suporte Técnico,
828,2022-11-30,Reunião QBR,3.0
865,2024-04-13,Reunião QBR,
270,2023-07-14,Email de Acompanhamento,
780,2024-07-06,Reunião QBR,2.0
842,2024-05-29,Suporte Técnico,4.0
492,2023-08-29,Reunião QBR,
174,2023-08-19,Suporte Técnico,
607,2022-03-28,Suporte Técnico,
120,2020-06-10,Suporte Técnico,
891,2024-11-02,Email de Acompanhamento,7.0
360,2025-01-10,Suporte Técnico,10.0
885,2023-01-26,Email de Acompanhamento,0.0
60,2022-08-12,Reunião QBR,9.0
856,2024-10-08,Suporte Técnico,9.0
7,2024-03-24,Email de Acompanhamento,5.0
29,2024-04-05,Email de Acompanhamento,
741,2026-10-03,Suporte Técnico,
228,2024-09-19,Email de Acompanhamento,
904,2022-10-27,Email de Acompanhamento,
75,2022-12-14,Reunião QBR,9.0
583,2020-12-12,Email de Acompanhamento,10.0
286,2021-04-14,Suporte Técnico,8.0
150,2020-11-22,Reunião QBR,0.0
923,2022-04-18,Reunião QBR,
346,2022-09-21,Reunião QBR,9.0
736,2023-01-12,Email de Acompanhamento,
530,2026-09-29,Email de Acompanhamento,4.0
69,2022-06-18,Suporte Técnico,5.0
682,2023-04-06,Email de Acompanhamento,
318,2022-06-03,Email de Acompanhamento,
668,2024-12-08,Reunião QBR,
602,2023-06-10,Email de Acompanhamento,3.0
275,2022-03-15,Reunião QBR,
323,2023-09-19,Suporte Técnico,5.0
575,2024-08-18,Email de Acompanhamento,
379,2023-03-20,Email de Acompanhamento,
598,2025-01-30,Suporte Técnico,8.0
627,2022-08-15,Email de Acompanhamento,
619,2025-07-05,Email de Acompanhamento,
900,2025-08-16,Email de Acompanhamento,2.0
466,2022-06-06,Reunião QBR,3.0
975,2020-03-24,Suporte Técnico,
259,2024-12-14,Suporte Técnico,
280,2021-02-26,Reunião QBR,0.0
615,2025-03-14,Reunião QBR,8.0
54,2021-09-02,Reunião QBR,
539,2025-12-04,Email de Acompanhamento,
634,2024-10-08,Suporte Técnico,3.0
276,2024-03-30,Reunião QBR,
48,2026-10-06,Email de Acompanhamento,6.0
54,2020-07-25,Email de Acompanhamento,
843,2022-12-13,Reunião QBR,3.0
478,2026-06-06,Suporte Técnico,3.0
421,2020-09-27,Email de Acompanhamento,2.0
738,2026-05-01,Suporte Técnico,4.0
557,2023-11-02,Suporte Técnico,7.0
946,2021-09-19,Email de Acompanhamento,
539,2025-11-22,Suporte Técnico,0.0
587,2024-12-11,Email de Acompanhamento,9.0
453,2023-04-04,Reunião QBR,6.0
350,2024-07-26,Email de Acompanhamento,6.0
863,2025-01-20,Reunião QBR,
219,2023-01-29,Suporte Técnico,6.0
314,2025-08-03,Reunião QBR,
420,2022-12-05,Email de Acompanhamento,2.0
87,2021-08-18,Email de Acompanhamento,
147,2024-02-15,Reunião QBR,
368,2020-12-13,Suporte Técnico,9.0
966,2024-04-18,Suporte Técnico,
947,2024-02-12,Reunião QBR,
810,2024-04-06,Suporte Técnico,8.0
466,2023-11-12,Suporte Técnico,9.0
816,2025-12-06,Suporte Técnico,
63,2020-07-07,Email de Acompanhamento,
460,2022-01-17,Email de Acompanhamento,
346,2022-05-27,Email de Acompanhamento,
594,2023-07-08,Suporte Técnico,1.0
861,2024-03-02,Suporte Técnico,
892,2023-01-17,Reunião QBR,6.0
631,2024-12-24,Suporte Técnico,3.0
154,2022-02-27,Suporte Técnico,9.0
968,2022-09-30,Reunião QBR,
774,2023-01-14,Suporte Técnico,
900,2023-10-24,Email de Acompanhamento,3.0
303,2023-07-15,Reunião QBR,10.0
403,2022-11-10,Suporte Técnico,10.0
366,2025-06-23,Reunião QBR,3.0
873,2022-08-12,Suporte Técnico,9.0
654,2021-10-17,Reunião QBR,7.0
831,2025-08-02,Reunião QBR,
779,2024-08-06,Email de Acompanhamento,0.0
173,2024-03-16,Suporte Técnico,
65,2022-11-03,Email de Acompanhamento,
126,2021-03-16,Reunião QBR,2.0
84,2023-07-11,Email de Acompanhamento,9.0
401,2024-01-01,Reunião QBR,0.0
542,2023-02-05,Suporte Técnico,0.0
930,2024-09-11,Reunião QBR,
692,2024-03-20,Suporte Técnico,
946,2022-05-07,Reunião QBR,1.0
265,2024-01-12,Suporte Técnico,
272,2023-10-04,Email de Acompanhamento,8.0
56,2023-05-17,Email de Acompanhamento,7.0
650,2024-10-18,Reunião QBR,2.0
724,2023-02-22,Email de Acompanhamento,
211,2025-01-28,Suporte Técnico,
653,2021-09-16,Email de Acompanhamento,0.0
29,2024-09-10,Reunião QBR,8.0
789,2024-12-31,Suporte Técnico,9.0
862,2024-04-04,Reunião QBR,
208,2022-03-28,Suporte Técnico,8.0
820,2022-12-27,Reunião QBR,9.0
647,2020-11-15,Email de Acompanhamento,0.0
876,2022-10-25,Email de Acompanhamento,
983,2026-03-11,Suporte Técnico,
680,2024-03-19,Suporte Técnico,
739,2025-01-21,Reunião QBR,1.0
263,2022-12-24,Email de Acompanhamento,10.0
75,2022-01-05,Suporte Técnico,
318,2024-05-02,Reunião QBR,
150,2022-06-21,Email de Acompanhamento,
786,2023-04-03,Email de Acompanhamento,2.0
656,2021-10-22,Suporte Técnico,
329,2024-07-21,Email de Acompanhamento,8.0
616,2023-09-21,Suporte Técnico,2.0
352,2023-08-26,Reunião QBR,
377,2024-08-07,Suporte Técnico,
952,2022-12-22,Reunião QBR,
345,2021-11-28,Reunião QBR,
192,2020-10-30,Suporte Técnico,
22,2023-08-20,Email de Acompanhamento,
371,2024-08-28,Email de Acompanhamento,4.0
972,2023-02-02,Suporte Técnico,3.0
343,2023-07-31,Email de Acompanhamento,1.0
538,2021-02-23,Email de Acompanhamento,8.0
506,2025-12-20,Email de Acompanhamento,3.0
786,2024-03-02,Email de Acompanhamento,7.0
240,2023-09-12,Email de Acompanhamento,
78,2025-03-28,Email de Acompanhamento,
869,2026-03-10,Suporte Técnico,0.0
621,2024-12-05,Email de Acompanhamento,
369,2022-01-17,Suporte Técnico,10.0
458,2024-07-09,Email de Acompanhamento,
848,2023-07-19,Reunião QBR,
243,2026-10-17,Email de Acompanhamento,1.0
693,2021-11-26,Email de Acompanhamento,4.0
79,2025-07-02,Email de Acompanhamento,
616,2022-11-05,Suporte Técnico,0.0
911,2025-09-25,Suporte Técnico,5.0
146,2023-05-12,Suporte Técnico,2.0
164,2024-07-26,Reunião QBR,
926,2024-02-03,Reunião QBR,
516,2024-08-25,Reunião QBR,0.0
673,2022-03-04,Suporte Técnico,10.0
150,2023-01-22,Email de Acompanhamento,7.0
437,2023-08-31,Suporte Técnico,9.0
407,2023-01-14,Email de Acompanhamento,10.0
127,2024-11-09,Email de Acompanhamento,
554,2021-01-12,Suporte Técnico,
789,2025-06-11,Suporte Técnico,
199,2025-07-01,Reunião QBR,8.0
948,2025-04-05,Suporte Técnico,
632,2024-06-30,Email de Acompanhamento,4.0
438,2022-09-11,Email de Acompanhamento,
161,2025-03-02,Reunião QBR,1.0
263,2023-02-25,Suporte Técnico,
233,2022-05-03,Suporte Técnico,
430,2025-09-26,Reunião QBR,1.0
982,2022-10-18,Suporte Técnico,1.0
652,2023-10-31,Suporte Técnico,
191,2021-04-24,Reunião QBR,
990,2022-03-23,Reunião QBR,
630,2022-12-11,Suporte Técnico,
920,2023-07-22,Email de Acompanhamento,
461,2021-07-13,Email de Acompanhamento,9.0
462,2026-05-18,Reunião QBR,
373,2022-12-17,Email de Acompanhamento,
651,2023-01-13,Suporte Técnico,
842,2023-10-05,Email de Acompanhamento,
225,2024-09-16,Email de Acompanhamento,
527,2023-03-01,Email de Acompanhamento,
243,2025-06-16,Email de Acompanhamento,
208,2022-02-08,Suporte Técnico,6.0
113,2020-10-12,Email de Acompanhamento,
42,2023-01-03,Suporte Técnico,
643,2025-07-15,Email de Acompanhamento,8.0
479,2024-12-17,Email de Acompanhamento,1.0
550,2025-05-05,Reunião QBR,5.0
490,2025-08-09,Email de Acompanhamento,
465,2023-12-08,Suporte Técnico,
549,2022-06-25,Suporte Técnico,8.0
487,2021-11-30,Suporte Técnico,2.0
285,2021-11-21,Reunião QBR,
540,2024-05-26,Suporte Técnico,6.0
93,2025-04-22,Email de Acompanhamento,
299,2024-09-26,Suporte Técnico,10.0
893,2024-05-12,Email de Acompanhamento,
900,2025-12-11,Reunião QBR,
322,2024-06-21,Reunião QBR,8.0
468,2024-11-12,Suporte Técnico,0.0
237,2023-04-17,Reunião QBR,8.0
431,2025-05-22,Reunião QBR,
37,2023-11-01,Email de Acompanhamento,4.0
891,2023-08-15,Suporte Técnico,
490,2025-11-29,Email de Acompanhamento,8.0
482,2020-08-18,Reunião QBR,
244,2023-08-28,Email de Acompanhamento,5.0
90,2022-06-10,Suporte Técnico,
662,2025-04-24,Reunião QBR,
811,2022-12-28,Reunião QBR,3.0
633,2024-04-15,Email de Acompanhamento,
627,2023-02-27,Suporte Técnico,10.0
18,2021-04-11,Suporte Técnico,3.0
660,2022-11-16,Reunião QBR,
217,2021-03-29,Reunião QBR,5.0
361,2023-03-03,Reunião QBR,7.0
330,2023-06-06,Suporte Técnico,7.0
600,2022-03-24,Reunião QBR,
477,2023-02-24,Reunião QBR,
322,2022-11-22,Email de Acompanhamento,
486,2021-10-08,Reunião QBR,4.0
247,2022-12-25,Suporte Técnico,
727,2023-08-21,Email de Acompanhamento,
13,2024-09-27,Email de Acompanhamento,
947,2026-08-02,Suporte Técnico,
210,2024-04-14,Suporte Técnico,8.0
558,2023-04-19,Reunião QBR,
336,2022-05-09,Suporte Técnico,0.0
357,2022-01-23,Suporte Técnico,
920,2025-07-15,Email de Acompanhamento,2.0
875,2024-02-26,Reunião QBR,
668,2024-09-18,Email de Acompanhamento,4.0
299,2024-03-11,Reunião QBR,
448,2025-01-24,Reunião QBR,
412,2023-10-11,Reunião QBR,
903,2022-09-06,Email de Acompanhamento,
401,2024-07-31,Email de Acompanhamento,9.0
403,2022-10-23,Email de Acompanhamento,
256,2023-10-11,Suporte Técnico,7.0
548,2022-02-28,Suporte Técnico,
533,2021-10-06,Suporte Técnico,5.0
572,2024-07-07,Reunião QBR,
932,2025-08-15,Email de Acompanhamento,2.0
225,2025-02-14,Reunião QBR,10.0
126,2021-11-17,Reunião QBR,0.0
891,2023-10-17,Suporte Técnico,
250,2024-12-23,Email de Acompanhamento,
781,2024-01-13,Email de Acompanhamento,4.0
593,2023-12-07,Suporte Técnico,2.0
193,2023-04-20,Reunião QBR,3.0
525,2024-04-20,Reunião QBR,1.0
181,2022-11-19,Email de Acompanhamento,7.0
844,2020-04-23,Suporte Técnico,
805,2022-03-25,Suporte Técnico,
957,2022-11-21,Reunião QBR,
481,2021-10-06,Reunião QBR,1.0
868,2024-03-30,Email de Acompanhamento,0.0
130,2021-10-27,Email de Acompanhamento,
699,2024-09-21,Email de Acompanhamento,
160,2024-10-13,Email de Acompanhamento,
870,2024-11-04,Email de Acompanhamento,5.0
757,2020-12-11,Suporte Técnico,
424,2021-04-08,Email de Acompanhamento,6.0
440,2023-10-10,Suporte Técnico,0.0
999,2021-06-16,Suporte Técnico,
268,2022-09-22,Suporte Técnico,
121,2021-08-04,Reunião QBR,
59,2023-06-21,Reunião QBR,
609,2021-11-13,Suporte Técnico,9.0
745,2021-10-31,Email de Acompanhamento,
763,2021-05-08,Email de Acompanhamento,
313,2021-11-10,Reunião QBR,4.0
35,2025-08-14,Reunião QBR,4.0
962,2024-05-24,Reunião QBR,0.0
36,2022-01-26,Suporte Técnico,8.0
597,2024-08-31,Email de Acompanhamento,7.0
119,2022-03-29,Suporte Técnico,6.0
399,2024-07-27,Suporte Técnico,
703,2024-01-19,Reunião QBR,8.0
120,2023-01-22,Email de Acompanhamento,
117,2023-03-21,Suporte Técnico,5.0
146,2024-07-17,Reunião QBR,
796,2022-05-26,Suporte Técnico,3.0
708,2023-09-11,Suporte Técnico,
508,2025-07-28,Email de Acompanhamento,5.0
425,2025-02-24,Email de Acompanhamento,
948,2024-11-18,Email de Acompanhamento,9.0
311,2024-03-26,Suporte Técnico,
342,2022-05-30,Email de Acompanhamento,
3,2025-07-13,Email de Acompanhamento,0.0
145,2024-01-08,Reunião QBR,
118,2023-09-06,Reunião QBR,
337,2022-12-27,Reunião QBR,0.0
121,2024-01-19,Reunião QBR,
116,2024-04-15,Reunião QBR,9.0
272,2024-10-20,Suporte Técnico,4.0
469,2022-06-24,Reunião QBR,10.0
439,2023-11-01,Email de Acompanhamento,
962,2023-07-27,Reunião QBR,
565,2024-08-17,Reunião QBR,
934,2025-03-26,Reunião QBR,10.0
32,2022-09-04,Email de Acompanhamento,
354,2024-12-25,Suporte Técnico,1.0
468,2023-12-07,Reunião QBR,3.0
788,2022-03-10,Suporte Técnico,6.0
849,2022-01-30,Suporte Técnico,
38,2023-06-15,Email de Acompanhamento,
71,2024-10-04,Email de Acompanhamento,
596,2024-03-24,Reunião QBR,
150,2021-12-17,Reunião QBR,0.0
829,2023-01-19,Suporte Técnico,10.0
94,2024-04-01,Email de Acompanhamento,0.0
885,2023-06-01,Email de Acompanhamento,
306,2024-11-11,Suporte Técnico,8.0
909,2022-12-07,Suporte Técnico,2.0
405,2023-11-21,Reunião QBR,
180,2023-02-10,Suporte Técnico,5.0
638,2025-08-02,Suporte Técnico,
101,2023-04-28,Suporte Técnico,
819,2024-05-05,Reunião QBR,
443,2023-08-27,Email de Acompanhamento,
446,2021-10-17,Suporte Técnico,
655,2025-12-01,Reunião QBR,
922,2025-03-09,Reunião QBR,9.0
931,2022-08-24,Suporte Técnico,
305,2025-07-03,Email de Acompanhamento,7.0
383,2022-11-11,Reunião QBR,
920,2026-04-18,Suporte Técnico,4.0
453,2025-02-08,Suporte Técnico,
537,2021-02-15,Email de Acompanhamento,
418,2025-04-26,Email de Acompanhamento,
491,2021-10-24,Email de Acompanhamento,
261,2024-05-31,Reunião QBR,
558,2022-04-20,Suporte Técnico,3.0
398,2025-02-10,Reunião QBR,
79,2026-04-10,Suporte Técnico,0.0
823,2023-12-26,Reunião QBR,10.0
610,2022-07-29,Email de Acompanhamento,
696,2024-04-12,Reunião QBR,
461,2021-03-19,Suporte Técnico,
613,2023-07-05,Suporte Técnico,
386,2023-09-13,Suporte Técnico,
480,2022-10-04,Email de Acompanhamento,8.0
599,2022-02-23,Email de Acompanhamento,1.0
622,2023-09-02,Suporte Técnico,
505,2021-01-14,Suporte Técnico,5.0
494,2022-04-09,Email de Acompanhamento,
595,2022-01-29,Suporte Técnico,
389,2026-04-30,Email de Acompanhamento,9.0
452,2023-01-02,Reunião QBR,
488,2023-11-15,Reunião QBR,1.0
162,2023-03-15,Suporte Técnico,
499,2024-05-18,Suporte Técnico,
580,2024-07-12,Suporte Técnico,
652,2022-12-20,Reunião QBR,
876,2022-06-25,Email de Acompanhamento,9.0
531,2021-01-16,Suporte Técnico,2.0
234,2022-09-30,Email de Acompanhamento,2.0
412,2025-04-18,Email de Acompanhamento,
107,2021-09-27,Reunião QBR,5.0
583,2023-02-10,Suporte Técnico,2.0
10,2023-07-08,Email de Acompanhamento,3.0
925,2023-10-21,Reunião QBR,
32,2021-08-28,Suporte Técnico,0.0
144,2022-02-25,Suporte Técnico,9.0
924,2023-10-12,Reunião QBR,3.0
276,2022-01-11,Email de Acompanhamento,
795,2024-09-06,Suporte Técnico,
186,2022-04-27,Email de Acompanhamento,
142,2021-03-25,Suporte Técnico,
988,2021-06-18,Email de Acompanhamento,
29,2025-04-15,Suporte Técnico,1.0
239,2025-01-10,Email de Acompanhamento,0.0
11,2023-03-22,Reunião QBR,
608,2023-06-15,Reunião QBR,1.0
825,2024-05-29,Email de Acompanhamento,
261,2025-03-05,Suporte Técnico,3.0
429,2024-07-15,Reunião QBR,
294,2026-03-28,Email de Acompanhamento,
584,2021-10-15,Email de Acompanhamento,5.0
938,2023-08-30,Reunião QBR,
324,2021-03-20,Suporte Técnico,2.0
743,2021-12-13,Email de Acompanhamento,7.0
518,2023-02-18,Reunião QBR,6.0
109,2025-03-22,Email de Acompanhamento,
132,2021-08-19,Reunião QBR,
486,2021-04-11,Email de Acompanhamento,3.0
666,2023-03-05,Reunião QBR,
624,2023-05-31,Reunião QBR,3.0
705,2024-04-30,Suporte Técnico,10.0
814,2024-10-25,Reunião QBR,
167,2021-08-23,Email de Acompanhamento,
9,2022-10-14,Email de Acompanhamento,9.0
114,2024-03-28,Email de Acompanhamento,9.0
356,2023-05-17,Reunião QBR,1.0
839,2023-07-01,Suporte Técnico,
981,2022-12-02,Suporte Técnico,5.0
385,2024-03-06,Suporte Técnico,
997,2020-11-13,Email de Acompanhamento,8.0
242,2023-12-07,Reunião QBR,9.0
202,2024-02-06,Email de Acompanhamento,
720,2023-11-23,Email de Acompanhamento,10.0
58,2022-01-21,Email de Acompanhamento,
683,2025-07-09,Suporte Técnico,
886,2021-07-26,Reunião QBR,8.0
507,2024-05-25,Email de Acompanhamento,8.0
91,2022-04-07,Reunião QBR,1.0
790,2025-12-01,Email de Acompanhamento,3.0
371,2024-02-24,Suporte Técnico,0.0
993,2025-08-23,Email de Acompanhamento,2.0
622,2022-08-07,Email de Acompanhamento,3.0
573,2023-04-22,Reunião QBR,7.0
851,2021-07-20,Suporte Técnico,
836,2022-07-31,Reunião QBR,
361,2024-07-08,Reunião QBR,
920,2023-08-20,Email de Acompanhamento,
904,2023-08-10,Suporte Técnico,2.0
947,2024-08-14,Suporte Técnico,1.0
607,2024-07-29,Suporte Técnico,1.0
143,2023-03-25,Reunião QBR,7.0
151,2025-07-18,Reunião QBR,6.0
946,2022-06-11,Reunião QBR,7.0
909,2023-06-10,Reunião QBR,
732,2024-11-24,Reunião QBR,8.0
6,2023-10-31,Suporte Técnico,
864,2022-02-15,Email de Acompanhamento,3.0
877,2024-08-30,Suporte Técnico,4.0
904,2021-07-31,Email de Acompanhamento,1.0
896,2023-06-09,Email de Acompanhamento,
943,2024-05-09,Reunião QBR,10.0
393,2024-06-21,Reunião QBR,
977,2020-05-05,Email de Acompanhamento,
359,2022-02-18,Email de Acompanhamento,
968,2022-08-26,Suporte Técnico,10.0
702,2024-09-13,Reunião QBR,
355,2025-11-23,Suporte Técnico,
367,2023-05-23,Suporte Técnico,
264,2024-10-04,Reunião QBR,1.0
392,2026-01-29,Email de Acompanhamento,5.0
411,2022-11-28,Reunião QBR,
26,2024-06-05,Suporte Técnico,
334,2022-11-05,Suporte Técnico,4.0
658,2021-11-24,Reunião QBR,
790,2025-02-17,Reunião QBR,6.0
671,2023-04-29,Suporte Técnico,
845,2024-01-31,Suporte Técnico,3.0
695,2024-03-21,Suporte Técnico,6.0
758,2025-01-01,Reunião QBR,9.0
407,2023-07-18,Email de Acompanhamento,
605,2024-05-29,Suporte Técnico,
731,2026-05-13,Email de Acompanhamento,7.0
868,2025-04-19,Reunião QBR,
40,2023-09-30,Reunião QBR,5.0
116,2025-11-27,Suporte Técnico,
826,2022-10-31,Email de Acompanhamento,
964,2022-06-25,Email de Acompanhamento,
449,2026-10-04,Reunião QBR,2.0
259,2023-03-14,Email de Acompanhamento,
980,2026-03-18,Reunião QBR,6.0
174,2022-08-17,Reunião QBR,
888,2024-04-09,Reunião QBR,
976,2023-09-16,Suporte Técnico,3.0
418,2024-07-26,Reunião QBR,
214,2021-07-13,Reunião QBR,8.0
497,2022-09-18,Email de Acompanhamento,3.0
173,2024-03-30,Reunião QBR,
879,2021-09-15,Reunião QBR,5.0
74,2024-07-16,Reunião QBR,
904,2023-10-16,Email de Acompanhamento,
397,2024-01-09,Email de Acompanhamento,7.0
414,2024-03-08,Email de Acompanhamento,2.0
862,2023-05-12,Suporte Técnico,8.0
773,2022-03-17,Email de Acompanhamento,9.0
438,2022-11-01,Suporte Técnico,
650,2024-02-14,Suporte Técnico,
974,2023-08-16,Email de Acompanhamento,
986,2022-05-24,Email de Acompanhamento,8.0
989,2025-02-25,Email de Acompanhamento,2.0
525,2022-04-11,Email de Acompanhamento,9.0
120,2022-07-31,Email de Acompanhamento,2.0
826,2023-11-24,Email de Acompanhamento,
769,2022-03-05,Suporte Técnico,5.0
10,2023-08-13,Suporte Técnico,6.0
419,2021-05-13,Reunião QBR,
865,2024-09-23,Email de Acompanhamento,
208,2024-09-03,Suporte Técnico,6.0
554,2022-10-10,Email de Acompanhamento,
486,2023-11-22,Email de Acompanhamento,9.0
117,2024-08-21,Email de Acompanhamento,
987,2024-09-07,Suporte Técnico,
880,2025-02-07,Reunião QBR,8.0
977,2020-12-24,Suporte Técnico,
770,2022-08-20,Suporte Técnico,
190,2022-09-07,Email de Acompanhamento,5.0
560,2025-09-29,Reunião QBR,9.0
190,2023-07-04,Reunião QBR,
241,2023-01-02,Suporte Técnico,
465,2024-02-07,Reunião QBR,1.0
591,2024-07-11,Suporte Técnico,6.0
202,2024-10-03,Email de Acompanhamento,8.0
977,2021-09-07,Suporte Técnico,8.0
218,2024-05-01,Email de Acompanhamento,
949,2023-07-13,Suporte Técnico,
216,2023-01-24,Reunião QBR,
306,2024-01-06,Suporte Técnico,1.0
50,2022-09-08,Suporte Técnico,8.0
513,2021-03-10,Email de Acompanhamento,
50,2023-10-10,Email de Acompanhamento,6.0
782,2022-06-23,Reunião QBR,
721,2023-09-06,Suporte Técnico,2.0
351,2023-05-25,Suporte Técnico,
785,2025-09-26,Reunião QBR,9.0
849,2021-07-19,Suporte Técnico,5.0
981,2023-09-19,Reunião QBR,2.0
844,2020-05-16,Suporte Técnico,
814,2023-12-26,Suporte Técnico,0.0
679,2025-02-25,Email de Acompanhamento,3.0
969,2024-06-16,Reunião QBR,
294,2023-09-02,Reunião QBR,
467,2021-02-22,Reunião QBR,3.0
131,2022-12-30,Suporte Técnico,8.0
681,2024-06-18,Suporte Técnico,
464,2022-11-04,Email de Acompanhamento,4.0
184,2022-12-23,Reunião QBR,
605,2024-09-17,Email de Acompanhamento,1.0
424,2020-08-01,Suporte Técnico,10.0
605,2023-05-22,Reunião QBR,
748,2023-07-12,Reunião QBR,
938,2024-03-14,Reunião QBR,
632,2023-02-12,Email de Acompanhamento,
24,2021-06-28,Email de Acompanhamento,6.0
356,2023-12-03,Suporte Técnico,
547,2025-07-25,Reunião QBR,
708,2025-03-30,Reunião QBR,4.0
991,2022-11-20,Reunião QBR,
465,2024-08-20,Suporte Técnico,
800,2021-05-21,Reunião QBR,
588,2025-09-15,Reunião QBR,
14,2023-07-14,Reunião QBR,
956,2023-06-30,Suporte Técnico,3.0
438,2021-07-27,Suporte Técnico,5.0
641,2023-12-11,Suporte Técnico,3.0
628,2023-12-05,Email de Acompanhamento,6.0
854,2025-02-14,Reunião QBR,
356,2023-10-08,Reunião QBR,2.0
472,2023-07-11,Reunião QBR,5.0
804,2022-08-30,Email de Acompanhamento,
595,2022-02-21,Suporte Técnico,
48,2024-01-25,Reunião QBR,
112,2022-02-17,Suporte Técnico,
954,2021-05-24,Email de Acompanhamento,10.0
137,2025-01-08,Suporte Técnico,
88,2024-03-02,Suporte Técnico,
262,2021-11-01,Reunião QBR,
788,2022-11-11,Suporte Técnico,5.0
281,2021-05-06,Email de Acompanhamento,
375,2023-06-15,Reunião QBR,2.0
671,2023-09-19,Reunião QBR,0.0
322,2023-08-07,Suporte Técnico,
877,2023-10-17,Suporte Técnico,
494,2021-05-01,Suporte Técnico,5.0
569,2022-08-28,Reunião QBR,
131,2022-08-05,Email de Acompanhamento,
432,2023-11-16,Reunião QBR,
344,2023-02-19,Suporte Técnico,3.0
507,2024-04-05,Suporte Técnico,
240,2023-11-11,Suporte Técnico,8.0
478,2024-03-16,Reunião QBR,
149,2023-11-14,Suporte Técnico,10.0
534,2023-11-20,Email de Acompanhamento,4.0
438,2022-09-26,Reunião QBR,4.0
178,2022-01-06,Reunião QBR,
779,2026-04-19,Suporte Técnico,2.0
563,2024-12-13,Email de Acompanhamento,
728,2023-05-24,Suporte Técnico,
268,2022-05-11,Reunião QBR,
987,2024-09-29,Reunião QBR,
530,2024-03-10,Reunião QBR,
738,2026-01-09,Suporte Técnico,5.0
756,2023-03-02,Suporte Técnico,
584,2021-01-06,Email de Acompanhamento,1.0
4,2023-06-19,Suporte Técnico,5.0
21,2021-08-16,Reunião QBR,8.0
16,2023-04-09,Suporte Técnico,10.0
83,2023-01-08,Suporte Técnico,6.0
70,2022-07-17,Reunião QBR,8.0
115,2022-08-24,Suporte Técnico,3.0
747,2023-05-08,Suporte Técnico,5.0
863,2025-06-12,Suporte Técnico,
454,2025-08-12,Suporte Técnico,5.0
874,2022-07-03,Reunião QBR,
149,2025-01-05,Suporte Técnico,
303,2022-04-20,Suporte Técnico,7.0
370,2020-09-17,Email de Acompanhamento,8.0
213,2025-09-19,Email de Acompanhamento,2.0
163,2022-09-03,Email de Acompanhamento,10.0
418,2024-07-30,Suporte Técnico,7.0
657,2023-01-03,Suporte Técnico,3.0
287,2024-03-29,Reunião QBR,4.0
333,2022-01-29,Email de Acompanhamento,
63,2022-02-25,Reunião QBR,5.0
217,2022-01-12,Reunião QBR,2.0
942,2022-08-06,Email de Acompanhamento,
849,2021-11-01,Email de Acompanhamento,0.0
995,2022-11-22,Email de Acompanhamento,
191,2021-02-25,Email de Acompanhamento,
873,2022-01-04,Suporte Técnico,4.0
939,2024-07-30,Reunião QBR,8.0
517,2022-07-14,Reunião QBR,
476,2025-03-01,Suporte Técnico,9.0
256,2025-06-24,Suporte Técnico,
214,2021-04-25,Reunião QBR,1.0
860,2023-11-27,Email de Acompanhamento,3.0
80,2022-07-27,Email de Acompanhamento,3.0
285,2020-04-05,Reunião QBR,3.0
170,2021-01-04,Reunião QBR,
801,2025-07-07,Email de Acompanhamento,4.0
355,2025-03-03,Email de Acompanhamento,8.0
74,2023-04-14,Reunião QBR,8.0
197,2024-12-21,Email de Acompanhamento,5.0
712,2024-01-10,Suporte Técnico,2.0
922,2025-08-29,Suporte Técnico,0.0
765,2023-11-14,Suporte Técnico,
321,2023-01-04,Email de Acompanhamento,
312,2025-10-14,Reunião QBR,0.0
719,2021-06-03,Suporte Técnico,4.0
821,2026-03-28,Email de Acompanhamento,7.0
288,2022-10-06,Email de Acompanhamento,6.0
540,2023-12-11,Suporte Técnico,
463,2024-02-28,Reunião QBR,
638,2024-07-30,Reunião QBR,6.0
618,2025-06-15,Suporte Técnico,
724,2022-08-22,Reunião QBR,0.0
157,2025-01-05,Reunião QBR,
593,2025-02-02,Suporte Técnico,
234,2024-04-07,Suporte Técnico,4.0
662,2025-05-16,Reunião QBR,
886,2022-01-10,Suporte Técnico,9.0
335,2023-05-26,Suporte Técnico,
595,2023-10-23,Suporte Técnico,0.0
95,2023-07-05,Reunião QBR,
435,2023-04-18,Email de Acompanhamento,3.0
942,2021-11-04,Suporte Técnico,
373,2020-12-14,Reunião QBR,
118,2024-02-09,Email de Acompanhamento,3.0
245,2024-10-01,Email de Acompanhamento,2.0
35,2024-05-12,Suporte Técnico,
199,2023-09-15,Reunião QBR,
156,2021-08-04,Suporte Técnico,
185,2024-01-26,Reunião QBR,5.0
185,2024-01-06,Email de Acompanhamento,
204,2023-03-07,Reunião QBR,
148,2024-10-23,Email de Acompanhamento,5.0
80,2023-09-22,Suporte Técnico,3.0
821,2024-02-08,Reunião QBR,
757,2023-07-03,Suporte Técnico,
681,2024-02-05,Email de Acompanhamento,6.0
102,2023-08-04,Email de Acompanhamento,8.0
698,2022-06-04,Reunião QBR,
117,2022-05-08,Suporte Técnico,5.0
170,2021-03-28,Suporte Técnico,0.0
676,2022-02-10,Email de Acompanhamento,6.0
430,2024-05-31,Email de Acompanhamento,
44,2021-03-09,Reunião QBR,
544,2022-08-04,Email de Acompanhamento,
108,2022-03-17,Suporte Técnico,
679,2025-04-09,Suporte Técnico,0.0
33,2020-04-16,Suporte Técnico,9.0
302,2024-09-29,Email de Acompanhamento,
75,2021-06-01,Email de Acompanhamento,
161,2023-10-23,Email de Acompanhamento,0.0
923,2022-08-18,Email de Acompanhamento,
401,2023-02-25,Email de Acompanhamento,6.0
208,2024-04-25,Email de Acompanhamento,
965,2022-09-09,Email de Acompanhamento,3.0
141,2021-05-03,Reunião QBR,4.0
362,2023-10-03,Email de Acompanhamento,
197,2024-04-19,Suporte Técnico,
206,2023-04-25,Suporte Técnico,3.0
309,2024-11-28,Suporte Técnico,
457,2024-02-13,Reunião QBR,5.0
911,2026-05-15,Suporte Técnico,0.0
23,2026-09-27,Suporte Técnico,
147,2024-05-20,Reunião QBR,6.0
742,2024-05-10,Suporte Técnico,
751,2022-12-29,Suporte Técnico,
690,2022-09-12,Reunião QBR,
306,2024-02-16,Reunião QBR,10.0
184,2022-05-20,Email de Acompanhamento,9.0
100,2023-05-24,Email de Acompanhamento,4.0
796,2022-08-23,Suporte Técnico,10.0
208,2024-09-15,Email de Acompanhamento,0.0
405,2023-12-23,Suporte Técnico,8.0
88,2025-03-17,Suporte Técnico,7.0
339,2024-05-27,Email de Acompanhamento,1.0
272,2024-06-27,Reunião QBR,
863,2024-03-11,Reunião QBR,3.0
587,2024-10-07,Reunião QBR,
758,2023-12-30,Reunião QBR,
792,2021-12-21,Email de Acompanhamento,
843,2022-02-24,Email de Acompanhamento,0.0
958,2022-09-12,Reunião QBR,
760,2024-09-17,Reunião QBR,5.0
830,2024-11-10,Reunião QBR,
883,2022-01-27,Suporte Técnico,0.0
713,2020-05-23,Email de Acompanhamento,3.0
732,2024-08-31,Email de Acompanhamento,
873,2022-06-03,Email de Acompanhamento,2.0
931,2024-05-20,Email de Acompanhamento,10.0
782,2024-02-24,Reunião QBR,
483,2024-05-18,Email de Acompanhamento,
74,2023-07-10,Suporte Técnico,
860,2021-10-17,Reunião QBR,0.0
924,2024-01-05,Email de Acompanhamento,
147,2024-08-18,Email de Acompanhamento,2.0
828,2023-09-25,Suporte Técnico,
312,2023-12-31,Suporte Técnico,9.0
933,2021-01-31,Suporte Técnico,
329,2025-02-09,Reunião QBR,5.0
660,2021-05-26,Suporte Técnico,
963,2025-04-30,Email de Acompanhamento,
687,2026-08-23,Reunião QBR,
607,2024-09-26,Reunião QBR,8.0
876,2021-02-14,Email de Acompanhamento,5.0
646,2023-05-04,Reunião QBR,3.0
313,2021-10-18,Suporte Técnico,
664,2024-06-12,Email de Acompanhamento,
84,2021-07-16,Suporte Técnico,
373,2022-04-18,Email de Acompanhamento,4.0
497,2024-02-11,Suporte Técnico,
151,2023-09-18,Suporte Técnico,
278,2024-02-18,Reunião QBR,4.0
18,2020-05-27,Reunião QBR,2.0
458,2025-05-09,Email de Acompanhamento,10.0
750,2025-02-23,Email de Acompanhamento,
392,2024-04-03,Email de Acompanhamento,
395,2024-12-21,Suporte Técnico,
525,2024-07-21,Email de Acompanhamento,
589,2025-07-07,Suporte Técnico,2.0
781,2023-01-11,Email de Acompanhamento,
143,2020-11-17,Reunião QBR,0.0
460,2022-04-28,Suporte Técnico,8.0
678,2022-01-27,Suporte Técnico,10.0
442,2024-06-27,Email de Acompanhamento,
682,2025-02-16,Email de Acompanhamento,
189,2021-08-12,Suporte Técnico,
654,2021-03-18,Email de Acompanhamento,8.0
544,2021-01-07,Suporte Técnico,3.0
588,2023-02-24,Suporte Técnico,2.0
623,2026-09-24,Email de Acompanhamento,2.0
74,2022-08-12,Suporte Técnico,
689,2025-09-07,Reunião QBR,
715,2024-07-28,Reunião QBR,
948,2023-08-28,Email de Acompanhamento,
947,2025-10-26,Suporte Técnico,6.0
547,2025-02-20,Suporte Técnico,6.0
666,2023-03-28,Suporte Técnico,
626,2025-02-01,Email de Acompanhamento,
523,2022-11-28,Email de Acompanhamento,5.0
24,2021-04-09,Email de Acompanhamento,0.0
127,2024-12-17,Email de Acompanhamento,8.0
257,2022-08-27,Email de Acompanhamento,
284,2025-05-23,Suporte Técnico,3.0
437,2024-12-17,Suporte Técnico,7.0
529,2024-03-23,Suporte Técnico,3.0
980,2025-03-25,Suporte Técnico,
380,2025-09-07,Suporte Técnico,5.0
826,2024-05-22,Reunião QBR,
702,2024-02-13,Suporte Técnico,
413,2022-06-10,Email de Acompanhamento,
117,2022-06-21,Reunião QBR,
63,2021-05-03,Suporte Técnico,
125,2023-01-01,Reunião QBR,
143,2023-05-23,Reunião QBR,
172,2021-12-20,Suporte Técnico,
886,2021-02-26,Email de Acompanhamento,
152,2024-03-09,Suporte Técnico,
578,2021-06-24,Suporte Técnico,9.0
474,2023-02-14,Email de Acompanhamento,8.0
647,2021-11-30,Suporte Técnico,0.0
448,2026-03-21,Email de Acompanhamento,
67,2022-04-03,Reunião QBR,0.0
887,2023-05-18,Reunião QBR,
715,2026-06-14,Suporte Técnico,5.0
20,2022-07-13,Email de Acompanhamento,
892,2021-08-29,Suporte Técnico,1.0
583,2022-12-10,Reunião QBR,0.0
277,2023-10-18,Reunião QBR,
783,2023-02-25,Email de Acompanhamento,
725,2023-07-21,Email de Acompanhamento,6.0
913,2024-10-02,Email de Acompanhamento,
873,2020-11-08,Email de Acompanhamento,3.0
140,2025-10-24,Suporte Técnico,
564,2024-03-06,Reunião QBR,
808,2025-12-14,Reunião QBR,8.0
962,2024-12-12,Reunião QBR,3.0
704,2023-02-18,Email de Acompanhamento,
498,2022-10-25,Email de Acompanhamento,0.0
121,2023-11-06,Suporte Técnico,
593,2022-11-01,Suporte Técnico,
898,2023-09-10,Suporte Técnico,
459,2023-08-23,Email de Acompanhamento,4.0
324,2020-11-22,Email de Acompanhamento,2.0
533,2023-08-18,Email de Acompanhamento,
969,2023-09-26,Reunião QBR,
562,2022-06-03,Reunião QBR,
417,2023-04-19,Suporte Técnico,
937,2024-08-01,Suporte Técnico,8.0
11,2023-01-16,Reunião QBR,
98,2023-08-11,Email de Acompanhamento,
547,2024-11-18,Email de Acompanhamento,
205,2023-02-09,Suporte Técnico,
443,2023-07-24,Email de Acompanhamento,
941,2023-02-18,Email de Acompanhamento,
104,2020-11-05,Suporte Técnico,
591,2023-11-24,Suporte Técnico,7.0
361,2025-01-07,Suporte Técnico,5.0
152,2022-05-18,Suporte Técnico,
53,2021-07-13,Suporte Técnico,7.0
539,2025-04-16,Suporte Técnico,
984,2023-04-09,Reunião QBR,
406,2023-02-19,Reunião QBR,7.0
569,2021-06-15,Email de Acompanhamento,2.0
857,2025-07-19,Email de Acompanhamento,10.0
516,2024-08-30,Email de Acompanhamento,
910,2021-08-08,Reunião QBR,
918,2025-02-11,Suporte Técnico,
491,2021-12-14,Suporte Técnico,
129,2025-11-22,Reunião QBR,6.0
728,2024-03-31,Reunião QBR,10.0
232,2022-08-16,Suporte Técnico,8.0
431,2022-07-29,Email de Acompanhamento,
508,2025-06-05,Email de Acompanhamento,
429,2024-12-18,Reunião QBR,
849,2023-12-04,Suporte Técnico,2.0
59,2021-05-22,Suporte Técnico,2.0
986,2021-09-16,Suporte Técnico,2.0
266,2022-05-22,Email de Acompanhamento,9.0
33,2022-07-10,Reunião QBR,
902,2020-08-28,Suporte Técnico,0.0
915,2024-07-04,Reunião QBR,2.0
427,2024-04-03,Email de Acompanhamento,3.0
135,2023-06-28,Email de Acompanhamento,2.0
947,2026-04-22,Reunião QBR,8.0
346,2021-09-11,Suporte Técnico,
81,2022-05-08,Email de Acompanhamento,
961,2024-11-10,Suporte Técnico,
356,2022-12-20,Suporte Técnico,3.0
155,2022-04-24,Email de Acompanhamento,
526,2024-02-09,Reunião QBR,
561,2024-05-01,Suporte Técnico,
194,2025-01-06,Reunião QBR,7.0
625,2025-12-24,Reunião QBR,0.0
945,2022-07-21,Reunião QBR,
318,2023-06-05,Email de Acompanhamento,
88,2024-10-01,Suporte Técnico,4.0
469,2024-08-17,Reunião QBR,
598,2024-12-02,Email de Acompanhamento,
251,2022-05-25,Suporte Técnico,
767,2024-03-28,Reunião QBR,7.0
352,2023-08-07,Email de Acompanhamento,9.0
590,2022-12-21,Reunião QBR,
221,2025-07-29,Suporte Técnico,0.0
621,2022-10-26,Reunião QBR,
441,2025-05-10,Suporte Técnico,1.0
402,2026-01-16,Reunião QBR,
841,2021-12-14,Email de Acompanhamento,
169,2022-05-10,Suporte Técnico,
736,2022-09-17,Suporte Técnico,8.0
596,2024-03-13,Email de Acompanhamento,
181,2021-12-24,Email de Acompanhamento,4.0
840,2021-02-14,Suporte Técnico,
804,2021-07-10,Email de Acompanhamento,
245,2021-11-23,Reunião QBR,1.0
861,2025-11-29,Suporte Técnico,10.0
167,2021-07-04,Suporte Técnico,
631,2024-03-04,Email de Acompanhamento,
381,2023-01-12,Reunião QBR,
27,2022-10-03,Email de Acompanhamento,8.0
178,2022-11-04,Email de Acompanhamento,8.0
513,2022-02-19,Reunião QBR,10.0
870,2024-01-01,Reunião QBR,4.0
773,2023-08-04,Email de Acompanhamento,
761,2025-01-07,Suporte Técnico,
395,2023-05-03,Suporte Técnico,
886,2021-11-16,Email de Acompanhamento,
586,2023-08-19,Email de Acompanhamento,0.0
189,2023-09-02,Suporte Técnico,8.0
514,2021-09-11,Suporte Técnico,
420,2021-01-25,Suporte Técnico,8.0
887,2021-01-24,Email de Acompanhamento,9.0
315,2023-12-10,Reunião QBR,
747,2023-04-16,Email de Acompanhamento,5.0
578,2021-04-20,Email de Acompanhamento,2.0
29,2024-10-29,Suporte Técnico,5.0
266,2024-01-18,Reunião QBR,4.0
963,2023-03-13,Suporte Técnico,
746,2022-12-30,Suporte Técnico,
286,2021-08-17,Email de Acompanhamento,
581,2023-10-03,Reunião QBR,
857,2024-01-31,Email de Acompanhamento,6.0
64,2023-07-11,Suporte Técnico,5.0
830,2023-02-05,Reunião QBR,
286,2020-12-20,Reunião QBR,8.0
383,2024-10-05,Reunião QBR,
439,2023-10-20,Suporte Técnico,
161,2024-05-21,Suporte Técnico,
68,2023-08-17,Suporte Técnico,
540,2023-09-09,Email de Acompanhamento,
751,2023-01-30,Suporte Técnico,
677,2024-01-11,Reunião QBR,3.0
491,2021-10-19,Reunião QBR,6.0
571,2024-01-31,Reunião QBR,
887,2020-09-28,Reunião QBR,
450,2023-04-24,Email de Acompanhamento,7.0
285,2020-03-27,Suporte Técnico,8.0
638,2026-05-25,Suporte Técnico,
303,2024-05-21,Email de Acompanhamento,10.0
560,2025-09-21,Email de Acompanhamento,5.0
636,2023-04-16,Email de Acompanhamento,0.0
437,2024-04-30,Reunião QBR,3.0
824,2023-10-14,Suporte Técnico,
664,2023-11-05,Email de Acompanhamento,
65,2022-07-13,Email de Acompanhamento,
634,2025-05-19,Suporte Técnico,
409,2021-11-23,Reunião QBR,6.0
664,2024-10-11,Reunião QBR,
135,2023-09-05,Email de Acompanhamento,
812,2025-08-31,Email de Acompanhamento,
381,2024-05-20,Reunião QBR,
849,2022-05-11,Reunião QBR,7.0
955,2023-09-10,Email de Acompanhamento,7.0
562,2021-08-24,Reunião QBR,
66,2024-03-01,Reunião QBR,
378,2023-10-04,Reunião QBR,
450,2022-01-12,Email de Acompanhamento,1.0
141,2020-10-05,Email de Acompanhamento,10.0
924,2024-04-28,Reunião QBR,
737,2024-04-24,Email de Acompanhamento,5.0
809,2025-10-26,Suporte Técnico,
871,2022-12-17,Suporte Técnico,
886,2020-12-06,Email de Acompanhamento,
483,2024-03-18,Email de Acompanhamento,1.0
740,2026-04-29,Email de Acompanhamento,
861,2025-11-04,Reunião QBR,
428,2022-06-29,Reunião QBR,
484,2023-07-02,Email de Acompanhamento,
760,2023-07-01,Reunião QBR,8.0
466,2023-06-03,Email de Acompanhamento,
304,2025-06-01,Reunião QBR,
198,2023-04-14,Reunião QBR,6.0
842,2023-01-24,Suporte Técnico,4.0
510,2022-07-23,Email de Acompanhamento,1.0
983,2025-10-18,Email de Acompanhamento,
900,2025-10-26,Email de Acompanhamento,
734,2023-06-02,Reunião QBR,
352,2021-08-11,Reunião QBR,3.0
282,2020-09-24,Email de Acompanhamento,
152,2024-11-28,Suporte Técnico,3.0
800,2021-06-29,Suporte Técnico,
835,2022-08-13,Email de Acompanhamento,
922,2023-01-12,Email de Acompanhamento,
359,2024-01-12,Reunião QBR,
198,2021-09-01,Reunião QBR,
152,2022-04-28,Reunião QBR,3.0
594,2023-10-18,Email de Acompanhamento,
364,2023-03-23,Suporte Técnico,
539,2024-12-11,Reunião QBR,1.0
327,2023-08-27,Reunião QBR,10.0
993,2025-07-19,Reunião QBR,5.0
452,2023-02-28,Suporte Técnico,
321,2022-07-31,Reunião QBR,
848,2023-02-26,Email de Acompanhamento,2.0
770,2022-01-10,Email de Acompanhamento,
523,2022-08-09,Reunião QBR,0.0
156,2023-09-28,Suporte Técnico,4.0
613,2021-06-30,Reunião QBR,9.0
628,2024-11-04,Reunião QBR,
374,2021-03-23,Reunião QBR,
223,2025-09-23,Reunião QBR,
632,2022-12-27,Email de Acompanhamento,
69,2021-05-27,Suporte Técnico,1.0
39,2024-07-18,Reunião QBR,
792,2023-10-26,Suporte Técnico,
447,2022-11-03,Reunião QBR,
442,2024-10-08,Reunião QBR,
809,2024-11-12,Reunião QBR,
120,2020-10-13,Reunião QBR,
883,2022-02-06,Reunião QBR,
824,2024-06-16,Reunião QBR,
773,2021-05-14,Email de Acompanhamento,10.0
477,2021-10-12,Reunião QBR,
238,2023-03-24,Suporte Técnico,1.0
325,2025-05-11,Reunião QBR,5.0
966,2022-08-23,Reunião QBR,6.0
926,2025-01-07,Suporte Técnico,
933,2021-01-11,Suporte Técnico,
41,2022-12-06,Reunião QBR,5.0
126,2020-08-29,Suporte Técnico,5.0
424,2022-08-28,Suporte Técnico,8.0
947,2025-10-16,Reunião QBR,
956,2024-01-12,Suporte Técnico,10.0
19,2021-12-28,Suporte Técnico,
579,2023-10-18,Suporte Técnico,
114,2026-03-13,Reunião QBR,6.0
24,2021-11-14,Suporte Técnico,2.0
618,2024-06-17,Reunião QBR,8.0
894,2024-12-06,Email de Acompanhamento,3.0
693,2021-08-17,Reunião QBR,2.0
993,2025-02-03,Email de Acompanhamento,6.0
225,2026-04-13,Reunião QBR,
517,2023-01-06,Suporte Técnico,2.0
848,2022-11-27,Suporte Técnico,5.0
326,2026-04-29,Suporte Técnico,5.0
428,2024-12-31,Suporte Técnico,
627,2021-03-05,Suporte Técnico,5.0
224,2024-03-11,Suporte Técnico,6.0
767,2023-05-18,Reunião QBR,1.0
604,2022-04-02,Email de Acompanhamento,1.0
843,2021-07-27,Suporte Técnico,
672,2023-02-08,Reunião QBR,
466,2024-06-15,Suporte Técnico,7.0
197,2024-02-18,Reunião QBR,8.0
601,2023-09-02,Reunião QBR,10.0
292,2023-04-18,Suporte Técnico,1.0
565,2024-08-02,Suporte Técnico,0.0
921,2023-06-01,Suporte Técnico,
397,2023-06-04,Reunião QBR,0.0
617,2023-03-23,Suporte Técnico,
751,2023-08-18,Reunião QBR,9.0
25,2024-11-22,Suporte Técnico,
63,2020-05-28,Suporte Técnico,
486,2023-12-10,Email de Acompanhamento,2.0
426,2021-01-18,Reunião QBR,5.0
827,2023-01-18,Suporte Técnico,
527,2022-01-17,Suporte Técnico,6.0
194,2024-09-04,Suporte Técnico,5.0
744,2023-08-12,Suporte Técnico,
428,2024-12-20,Email de Acompanhamento,
743,2023-05-14,Email de Acompanhamento,
422,2023-07-18,Suporte Técnico,
156,2022-11-12,Email de Acompanhamento,5.0
596,2022-10-28,Suporte Técnico,4.0
965,2022-04-14,Reunião QBR,
928,2021-12-02,Suporte Técnico,3.0
218,2023-01-18,Reunião QBR,5.0
425,2025-11-10,Reunião QBR,
771,2023-08-14,Email de Acompanhamento,3.0
903,2023-02-03,Email de Acompanhamento,0.0
378,2023-05-12,Suporte Técnico,3.0
430,2024-11-26,Reunião QBR,
245,2023-03-16,Email de Acompanhamento,
997,2022-02-14,Reunião QBR,
522,2023-11-24,Suporte Técnico,2.0
976,2023-12-04,Suporte Técnico,
361,2024-11-04,Email de Acompanhamento,
530,2025-07-02,Email de Acompanhamento,10.0
530,2026-08-25,Reunião QBR,9.0
502,2022-02-11,Reunião QBR,
773,2022-04-18,Suporte Técnico,
616,2023-10-19,Suporte Técnico,5.0
583,2021-02-11,Suporte Técnico,2.0
493,2026-07-17,Suporte Técnico,10.0
124,2024-03-04,Email de Acompanhamento,
659,2023-01-12,Reunião QBR,
659,2023-05-30,Suporte Técnico,2.0
81,2020-11-24,Email de Acompanhamento,9.0
248,2024-11-27,Reunião QBR,8.0
787,2023-06-17,Reunião QBR,0.0
446,2021-05-31,Suporte Técnico,
820,2023-03-17,Email de Acompanhamento,7.0
960,2021-03-06,Reunião QBR,
433,2024-09-05,Reunião QBR,
281,2023-11-24,Reunião QBR,1.0
424,2020-11-18,Email de Acompanhamento,5.0
867,2024-11-07,Reunião QBR,
830,2023-12-10,Reunião QBR,7.0
182,2025-03-23,Email de Acompanhamento,
840,2021-10-19,Reunião QBR,
330,2023-11-16,Email de Acompanhamento,0.0
776,2023-10-31,Suporte Técnico,3.0
907,2024-07-02,Email de Acompanhamento,
24,2021-02-26,Reunião QBR,9.0
41,2023-02-18,Suporte Técnico,
283,2022-07-27,Reunião QBR,
944,2023-12-03,Email de Acompanhamento,
351,2023-03-29,Email de Acompanhamento,9.0
35,2024-03-26,Suporte Técnico,
497,2023-08-20,Email de Acompanhamento,
145,2024-07-06,Suporte Técnico,3.0
389,2024-09-24,Email de Acompanhamento,
775,2023-01-29,Email de Acompanhamento,2.0
885,2021-06-20,Reunião QBR,9.0
504,2024-06-19,Reunião QBR,1.0
867,2024-11-04,Email de Acompanhamento,
704,2025-10-31,Suporte Técnico,
582,2022-04-14,Suporte Técnico,2.0
636,2024-06-30,Suporte Técnico,0.0
864,2021-03-24,Email de Acompanhamento,8.0
379,2023-09-28,Suporte Técnico,10.0
997,2021-09-03,Reunião QBR,1.0
346,2021-10-17,Suporte Técnico,10.0
150,2023-02-13,Reunião QBR,
361,2023-03-19,Email de Acompanhamento,
117,2023-03-21,Suporte Técnico,2.0
856,2024-06-01,Reunião QBR,
62,2021-04-12,Email de Acompanhamento,5.0
975,2021-11-04,Email de Acompanhamento,
476,2024-10-09,Suporte Técnico,
318,2022-11-18,Email de Acompanhamento,6.0
130,2023-07-17,Reunião QBR,1.0
970,2021-12-09,Reunião QBR,5.0
896,2025-04-25,Reunião QBR,0.0
953,2023-10-16,Suporte Técnico,4.0
403,2021-05-03,Reunião QBR,
484,2025-02-09,Email de Acompanhamento,
656,2022-10-15,Suporte Técnico,0.0
107,2020-08-20,Suporte Técnico,
4,2021-08-01,Email de Acompanhamento,
232,2022-04-18,Suporte Técnico,
991,2023-06-06,Reunião QBR,10.0
25,2025-12-05,Email de Acompanhamento,
208,2023-08-11,Suporte Técnico,
902,2021-07-08,Suporte Técnico,2.0
843,2023-06-06,Suporte Técnico,0.0
774,2021-02-07,Email de Acompanhamento,
240,2023-06-22,Suporte Técnico,0.0
130,2021-12-18,Email de Acompanhamento,
131,2021-04-18,Suporte Técnico,
36,2023-01-28,Email de Acompanhamento,
425,2025-09-23,Email de Acompanhamento,
263,2025-02-11,Reunião QBR,9.0
584,2021-07-09,Reunião QBR,0.0
419,2020-07-31,Suporte Técnico,2.0
68,2023-04-23,Email de Acompanhamento,
938,2023-07-25,Suporte Técnico,
422,2024-12-19,Suporte Técnico,
694,2023-12-15,Email de Acompanhamento,9.0
604,2021-09-04,Suporte Técnico,5.0
335,2021-04-07,Reunião QBR,0.0
342,2022-07-16,Reunião QBR,2.0
505,2021-06-25,Suporte Técnico,8.0
989,2025-03-15,Reunião QBR,1.0
868,2024-04-04,Email de Acompanhamento,0.0
990,2021-08-25,Reunião QBR,3.0
597,2024-11-23,Reunião QBR,8.0
50,2021-06-17,Email de Acompanhamento,
626,2023-09-24,Suporte Técnico,
230,2022-11-20,Email de Acompanhamento,
810,2023-09-16,Email de Acompanhamento,
72,2022-10-14,Email de Acompanhamento,
394,2021-07-29,Email de Acompanhamento,3.0
698,2022-07-03,Reunião QBR,
714,2023-04-30,Email de Acompanhamento,9.0
283,2022-09-25,Reunião QBR,
760,2024-07-21,Suporte Técnico,
478,2024-07-07,Email de Acompanhamento,
637,2023-06-10,Reunião QBR,1.0
180,2022-07-28,Suporte Técnico,
126,2021-06-17,Suporte Técnico,
43,2024-11-29,Suporte Técnico,0.0
367,2022-04-15,Suporte Técnico,
94,2024-11-11,Reunião QBR,
571,2024-07-24,Email de Acompanhamento,1.0
148,2023-12-06,Reunião QBR,
324,2022-12-21,Suporte Técnico,8.0
660,2021-03-08,Reunião QBR,0.0
779,2025-10-18,Suporte Técnico,
229,2021-05-14,Email de Acompanhamento,7.0
500,2022-04-27,Suporte Técnico,
9,2022-05-19,Suporte Técnico,10.0
301,2025-06-15,Email de Acompanhamento,
661,2021-12-21,Email de Acompanhamento,6.0
452,2024-01-25,Reunião QBR,
407,2023-03-16,Email de Acompanhamento,
680,2024-01-26,Suporte Técnico,0.0
237,2025-07-14,Email de Acompanhamento,0.0
429,2023-06-01,Reunião QBR,
23,2024-10-21,Reunião QBR,6.0
124,2026-02-13,Reunião QBR,0.0
743,2021-05-04,Suporte Técnico,10.0
25,2026-05-25,Reunião QBR,7.0
146,2023-09-27,Reunião QBR,6.0
968,2021-10-25,Suporte Técnico,0.0
556,2023-02-11,Email de Acompanhamento,
827,2024-04-28,Reunião QBR,6.0
949,2021-06-09,Suporte Técnico,7.0
684,2022-11-27,Suporte Técnico,
118,2023-04-06,Email de Acompanhamento,7.0
215,2024-12-17,Suporte Técnico,
809,2024-05-12,Email de Acompanhamento,
487,2022-07-13,Reunião QBR,
865,2022-11-05,Reunião QBR,3.0
186,2020-11-30,Suporte Técnico,
1,2022-05-07,Suporte Técnico,
668,2025-04-07,Reunião QBR,
298,2021-08-14,Reunião QBR,8.0
444,2024-12-12,Reunião QBR,4.0
468,2024-01-12,Email de Acompanhamento,
231,2022-09-25,Email de Acompanhamento,
3,2023-06-10,Reunião QBR,10.0
580,2023-08-08,Suporte Técnico,0.0
576,2024-12-04,Suporte Técnico,9.0
175,2021-12-08,Reunião QBR,
503,2021-07-12,Email de Acompanhamento,2.0
833,2025-01-16,Email de Acompanhamento,
824,2022-10-20,Suporte Técnico,5.0
926,2024-01-14,Email de Acompanhamento,6.0
646,2026-04-01,Suporte Técnico,
371,2024-04-21,Suporte Técnico,
670,2023-02-17,Email de Acompanhamento,
875,2021-12-27,Email de Acompanhamento,
524,2023-12-01,Suporte Técnico,10.0
584,2020-12-05,Email de Acompanhamento,
447,2022-10-12,Reunião QBR,8.0
72,2023-04-02,Suporte Técnico,
418,2023-03-10,Email de Acompanhamento,7.0
732,2023-10-14,Reunião QBR,
788,2022-02-14,Email de Acompanhamento,5.0
578,2023-05-26,Email de Acompanhamento,0.0
799,2023-06-03,Reunião QBR,
786,2024-01-13,Email de Acompanhamento,
951,2023-03-29,Suporte Técnico,
450,2022-08-06,Email de Acompanhamento,
863,2024-11-09,Suporte Técnico,
447,2022-09-27,Reunião QBR,
896,2024-12-03,Suporte Técnico,6.0
237,2023-04-22,Reunião QBR,3.0
823,2022-11-21,Email de Acompanhamento,4.0
65,2024-01-21,Reunião QBR,
143,2023-05-28,Reunião QBR,
201,2023-07-19,Reunião QBR,7.0
396,2025-06-22,Email de Acompanhamento,
914,2022-12-04,Suporte Técnico,
553,2021-05-31,Reunião QBR,10.0
886,2021-09-25,Reunião QBR,9.0
351,2022-05-16,Suporte Técnico,
171,2023-11-21,Reunião QBR,3.0
300,2024-01-08,Suporte Técnico,1.0
985,2023-09-20,Suporte Técnico,6.0
916,2023-06-13,Email de Acompanhamento,
204,2023-07-30,Email de Acompanhamento,4.0
676,2023-08-21,Email de Acompanhamento,
90,2024-12-28,Email de Acompanhamento,1.0
471,2021-12-29,Reunião QBR,
225,2025-11-25,Suporte Técnico,
889,2024-02-18,Reunião QBR,
116,2025-12-24,Email de Acompanhamento,
122,2023-08-02,Suporte Técnico,10.0
206,2021-03-17,Reunião QBR,
609,2024-02-19,Suporte Técnico,
469,2022-05-02,Email de Acompanhamento,6.0
634,2024-12-03,Suporte Técnico,2.0
871,2023-02-20,Reunião QBR,6.0
104,2023-01-16,Email de Acompanhamento,
752,2022-01-18,Suporte Técnico,
934,2024-10-06,Suporte Técnico,9.0
925,2025-01-31,Email de Acompanhamento,9.0
823,2022-02-22,Reunião QBR,2.0
789,2024-02-09,Suporte Técnico,
811,2021-09-30,Email de Acompanhamento,6.0
994,2023-02-04,Suporte Técnico,8.0
933,2022-10-17,Email de Acompanhamento,9.0
854,2024-10-14,Suporte Técnico,7.0
460,2022-03-22,Email de Acompanhamento,
61,2023-09-25,Reunião QBR,0.0
956,2024-07-21,Suporte Técnico,
415,2020-10-14,Suporte Técnico,8.0
230,2024-12-28,Suporte Técnico,
405,2024-02-01,Reunião QBR,8.0
584,2021-10-11,Reunião QBR,2.0
639,2022-11-20,Email de Acompanhamento,
437,2025-10-23,Reunião QBR,6.0
206,2022-04-16,Reunião QBR,7.0
987,2025-02-28,Suporte Técnico,
32,2021-04-17,Suporte Técnico,2.0
192,2021-06-26,Suporte Técnico,
623,2024-05-08,Email de Acompanhamento,3.0
524,2025-06-20,Reunião QBR,
109,2024-03-11,Suporte Técnico,2.0
387,2021-11-22,Suporte Técnico,2.0
626,2024-10-04,Email de Acompanhamento,
957,2021-09-02,Suporte Técnico,2.0
58,2020-09-22,Suporte Técnico,
168,2020-06-05,Suporte Técnico,
602,2020-10-02,Suporte Técnico,7.0
216,2025-02-16,Suporte Técnico,10.0
445,2022-06-22,Email de Acompanhamento,9.0
453,2024-06-17,Email de Acompanhamento,
526,2021-12-26,Reunião QBR,
814,2023-06-07,Reunião QBR,2.0
50,2023-11-01,Suporte Técnico,
81,2020-07-27,Reunião QBR,2.0
223,2024-06-09,Email de Acompanhamento,10.0
656,2022-02-23,Email de Acompanhamento,10.0
265,2024-10-08,Reunião QBR,
482,2021-06-10,Reunião QBR,2.0
258,2025-09-26,Reunião QBR,
90,2023-07-31,Suporte Técnico,7.0
533,2022-12-12,Suporte Técnico,0.0
109,2026-03-23,Email de Acompanhamento,
318,2023-06-11,Suporte Técnico,
342,2024-01-21,Reunião QBR,
381,2023-06-10,Email de Acompanhamento,3.0
219,2023-02-06,Email de Acompanhamento,9.0
501,2023-11-12,Email de Acompanhamento,8.0
585,2022-11-14,Email de Acompanhamento,
148,2024-05-05,Email de Acompanhamento,10.0
977,2021-09-16,Reunião QBR,
665,2021-06-20,Suporte Técnico,9.0
473,2024-04-01,Reunião QBR,
687,2025-03-29,Reunião QBR,10.0
673,2022-09-18,Suporte Técnico,
269,2024-07-10,Email de Acompanhamento,3.0
949,2021-02-22,Reunião QBR,7.0
307,2022-12-15,Reunião QBR,
845,2023-07-20,Reunião QBR,
699,2024-06-10,Email de Acompanhamento,0.0
50,2023-07-15,Email de Acompanhamento,3.0
587,2022-07-18,Email de Acompanhamento,
138,2022-06-17,Reunião QBR,
128,2023-11-27,Email de Acompanhamento,6.0
492,2022-07-29,Email de Acompanhamento,3.0
983,2026-03-05,Suporte Técnico,
976,2023-10-10,Reunião QBR,2.0
608,2023-05-29,Suporte Técnico,
949,2022-05-23,Email de Acompanhamento,
310,2023-11-02,Suporte Técnico,1.0
917,2022-03-05,Reunião QBR,
392,2025-04-09,Reunião QBR,
742,2022-04-05,Suporte Técnico,
775,2020-02-23,Reunião QBR,
588,2024-02-19,Email de Acompanhamento,9.0
101,2024-06-11,Suporte Técnico,
265,2024-11-06,Email de Acompanhamento,
374,2022-09-29,Suporte Técnico,
543,2025-05-17,Reunião QBR,
426,2022-01-23,Suporte Técnico,
778,2024-11-03,Reunião QBR,4.0
776,2022-01-07,Email de Acompanhamento,0.0
616,2021-12-14,Suporte Técnico,
546,2024-06-24,Suporte Técnico,
505,2021-08-08,Suporte Técnico,9.0
329,2023-05-21,Email de Acompanhamento,
210,2023-09-17,Email de Acompanhamento,6.0
712,2024-08-07,Suporte Técnico,9.0
491,2020-11-11,Suporte Técnico,
227,2021-01-21,Email de Acompanhamento,10.0
963,2024-11-28,Email de Acompanhamento,5.0
284,2023-09-01,Reunião QBR,8.0
288,2024-02-21,Reunião QBR,2.0
346,2021-05-31,Email de Acompanhamento,
724,2022-10-03,Email de Acompanhamento,
927,2024-06-03,Suporte Técnico,
407,2022-11-29,Reunião QBR,
683,2025-10-02,Reunião QBR,7.0
280,2022-05-11,Suporte Técnico,1.0
855,2021-01-10,Reunião QBR,9.0
984,2023-06-07,Suporte Técnico,
762,2025-02-05,Reunião QBR,
720,2024-07-13,Reunião QBR,9.0
582,2023-03-30,Suporte Técnico,1.0
434,2023-06-29,Suporte Técnico,
945,2023-08-08,Reunião QBR,
392,2023-12-13,Reunião QBR,
418,2024-12-29,Email de Acompanhamento,3.0
240,2023-10-13,Email de Acompanhamento,6.0
539,2024-02-15,Email de Acompanhamento,6.0
53,2021-09-03,Email de Acompanhamento,2.0
940,2023-01-16,Email de Acompanhamento,
586,2023-03-24,Reunião QBR,5.0
822,2022-04-25,Suporte Técnico,
388,2025-03-15,Email de Acompanhamento,
19,2020-08-17,Reunião QBR,0.0
55,2021-06-22,Email de Acompanhamento,2.0
334,2020-09-14,Reunião QBR,
488,2024-06-17,Suporte Técnico,
602,2022-09-22,Suporte Técnico,
543,2024-06-01,Email de Acompanhamento,
809,2024-07-01,Suporte Técnico,
721,2022-07-02,Reunião QBR,
542,2024-02-24,Email de Acompanhamento,7.0
174,2023-01-12,Reunião QBR,
92,2022-01-16,Email de Acompanhamento,3.0
479,2023-10-07,Suporte Técnico,
432,2023-09-20,Email de Acompanhamento,8.0
138,2023-07-03,Email de Acompanhamento,
361,2024-03-25,Reunião QBR,5.0
700,2023-09-01,Suporte Técnico,
261,2025-12-19,Email de Acompanhamento,8.0
216,2023-08-25,Suporte Técnico,0.0
383,2024-12-19,Email de Acompanhamento,
66,2023-10-04,Reunião QBR,4.0
522,2025-03-02,Suporte Técnico,
85,2023-10-24,Suporte Técnico,6.0
829,2022-10-09,Reunião QBR,
794,2022-12-17,Reunião QBR,
237,2025-01-21,Reunião QBR,
363,2024-03-19,Suporte Técnico,
607,2024-07-28,Reunião QBR,10.0
167,2020-04-01,Reunião QBR,7.0
54,2020-04-20,Email de Acompanhamento,0.0
59,2023-07-20,Suporte Técnico,
104,2021-11-29,Email de Acompanhamento,
635,2022-10-28,Email de Acompanhamento,8.0
470,2024-07-31,Reunião QBR,10.0
326,2026-04-15,Reunião QBR,1.0
332,2022-08-16,Reunião QBR,
188,2022-10-27,Email de Acompanhamento,
610,2020-05-22,Email de Acompanhamento,5.0
309,2025-07-28,Email de Acompanhamento,
678,2024-03-16,Email de Acompanhamento,2.0
226,2025-07-31,Suporte Técnico,
539,2024-11-29,Email de Acompanhamento,4.0
578,2023-04-12,Reunião QBR,2.0
625,2024-09-07,Email de Acompanhamento,
65,2021-11-22,Suporte Técnico,4.0
959,2021-10-07,Suporte Técnico,
819,2023-09-13,Reunião QBR,
891,2024-09-03,Email de Acompanhamento,
229,2021-06-15,Email de Acompanhamento,7.0
728,2023-05-20,Reunião QBR,9.0
805,2022-04-15,Email de Acompanhamento,
358,2020-03-25,Reunião QBR,9.0
698,2020-12-29,Email de Acompanhamento,5.0
53,2021-12-26,Suporte Técnico,9.0
597,2022-07-10,Reunião QBR,8.0
851,2021-08-25,Suporte Técnico,
737,2026-04-11,Email de Acompanhamento,3.0
727,2026-04-23,Email de Acompanhamento,6.0
614,2022-06-22,Email de Acompanhamento,
391,2021-12-11,Reunião QBR,0.0
415,2022-01-07,Reunião QBR,
990,2022-07-14,Suporte Técnico,5.0
563,2025-07-16,Suporte Técnico,
156,2023-04-27,Reunião QBR,1.0
389,2024-06-04,Reunião QBR,
514,2023-03-12,Email de Acompanhamento,
423,2020-11-16,Reunião QBR,0.0
323,2024-04-23,Suporte Técnico,2.0
979,2023-04-26,Reunião QBR,
972,2023-03-02,Reunião QBR,3.0
439,2023-06-22,Reunião QBR,9.0
969,2025-04-16,Reunião QBR,
784,2024-03-14,Reunião QBR,8.0
729,2023-05-23,Email de Acompanhamento,5.0
680,2023-07-18,Suporte Técnico,7.0
151,2024-06-22,Suporte Técnico,8.0
789,2023-09-28,Email de Acompanhamento,3.0
257,2022-12-15,Email de Acompanhamento,
686,2023-06-04,Reunião QBR,2.0
105,2021-11-10,Email de Acompanhamento,
465,2026-05-11,Suporte Técnico,7.0
934,2025-06-10,Reunião QBR,8.0
996,2024-01-08,Reunião QBR,
12,2023-09-26,Email de Acompanhamento,
19,2021-09-10,Suporte Técnico,
66,2024-12-19,Suporte Técnico,1.0
430,2024-09-06,Email de Acompanhamento,7.0
571,2023-11-04,Suporte Técnico,
655,2025-07-06,Suporte Técnico,5.0
224,2024-01-22,Reunião QBR,0.0
831,2026-12-04,Email de Acompanhamento,
420,2021-03-20,Reunião QBR,
195,2022-03-19,Suporte Técnico,0.0
703,2024-05-19,Reunião QBR,
554,2022-05-31,Reunião QBR,0.0
957,2023-01-17,Suporte Técnico,
908,2022-10-13,Email de Acompanhamento,4.0
714,2023-05-10,Suporte Técnico,10.0
658,2022-07-23,Email de Acompanhamento,
724,2020-07-11,Reunião QBR,3.0
603,2023-11-19,Suporte Técnico,
538,2022-09-14,Email de Acompanhamento,9.0
868,2025-09-27,Reunião QBR,
216,2022-04-24,Suporte Técnico,
994,2023-04-29,Email de Acompanhamento,
971,2023-08-03,Email de Acompanhamento,1.0
469,2023-02-25,Suporte Técnico,
563,2023-11-22,Email de Acompanhamento,
550,2025-06-15,Email de Acompanhamento,10.0
118,2024-04-18,Email de Acompanhamento,2.0
9,2023-01-06,Reunião QBR,
113,2021-04-07,Email de Acompanhamento,
23,2024-03-30,Suporte Técnico,1.0
856,2024-06-10,Reunião QBR,
14,2024-04-02,Email de Acompanhamento,8.0
811,2022-05-28,Suporte Técnico,
82,2024-11-09,Reunião QBR,
910,2022-12-17,Reunião QBR,
843,2022-08-15,Reunião QBR,6.0
455,2021-04-25,Suporte Técnico,
210,2024-02-14,Reunião QBR,7.0
409,2021-04-22,Email de Acompanhamento,4.0
381,2023-03-04,Suporte Técnico,4.0
609,2024-09-16,Suporte Técnico,2.0
977,2022-12-23,Reunião QBR,
494,2020-10-05,Reunião QBR,
469,2024-12-08,Reunião QBR,
378,2024-11-21,Reunião QBR,
536,2022-05-22,Suporte Técnico,
864,2022-11-01,Email de Acompanhamento,
511,2026-08-01,Suporte Técnico,9.0
722,2022-06-18,Email de Acompanhamento,
484,2022-05-06,Reunião QBR,3.0
866,2021-02-16,Suporte Técnico,5.0
865,2023-06-26,Reunião QBR,
264,2024-01-29,Email de Acompanhamento,3.0
695,2023-12-27,Reunião QBR,9.0
296,2023-10-03,Email de Acompanhamento,
951,2022-10-12,Email de Acompanhamento,
354,2024-06-12,Reunião QBR,
854,2024-08-18,Reunião QBR,
91,2023-06-10,Suporte Técnico,7.0
7,2026-08-10,Email de Acompanhamento,0.0
878,2023-04-10,Suporte Técnico,5.0
46,2024-08-28,Reunião QBR,
387,2021-03-25,Suporte Técnico,4.0
314,2026-06-29,Email de Acompanhamento,5.0
219,2021-03-12,Reunião QBR,
535,2024-04-05,Suporte Técnico,
124,2024-12-08,Suporte Técnico,
800,2022-03-19,Email de Acompanhamento,
684,2021-10-16,Reunião QBR,9.0
735,2023-01-20,Suporte Técnico,
102,2022-05-15,Reunião QBR,
507,2025-03-23,Reunião QBR,
192,2021-03-24,Reunião QBR,0.0
761,2022-11-27,Reunião QBR,
321,2022-02-08,Reunião QBR,8.0
311,2023-05-22,Reunião QBR,10.0
635,2024-04-09,Reunião QBR,
307,2023-06-13,Suporte Técnico,
319,2022-02-02,Reunião QBR,2.0
902,2020-08-10,Email de Acompanhamento,
77,2023-01-13,Email de Acompanhamento,4.0
161,2023-09-27,Email de Acompanhamento,
98,2023-01-26,Reunião QBR,
56,2023-06-25,Suporte Técnico,
464,2022-09-07,Suporte Técnico,8.0
962,2024-09-19,Suporte Técnico,
984,2022-07-17,Reunião QBR,8.0
739,2023-12-31,Suporte Técnico,6.0
373,2022-11-24,Email de Acompanhamento,
198,2024-01-11,Suporte Técnico,
321,2020-06-01,Email de Acompanhamento,10.0
202,2024-10-28,Suporte Técnico,6.0
261,2024-10-09,Suporte Técnico,
347,2022-08-20,Email de Acompanhamento,5.0
879,2023-10-18,Reunião QBR,
16,2023-07-07,Reunião QBR,5.0
675,2022-04-05,Suporte Técnico,0.0
250,2024-10-03,Suporte Técnico,9.0
582,2022-06-10,Suporte Técnico,
205,2024-01-03,Reunião QBR,4.0
208,2022-11-01,Email de Acompanhamento,2.0
387,2021-02-08,Email de Acompanhamento,0.0
943,2024-08-26,Email de Acompanhamento,7.0
18,2020-10-28,Email de Acompanhamento,10.0
367,2024-03-30,Reunião QBR,
999,2022-10-29,Reunião QBR,
373,2021-09-17,Reunião QBR,3.0
528,2021-12-13,Suporte Técnico,
927,2024-02-04,Email de Acompanhamento,
451,2024-03-17,Suporte Técnico,
325,2024-09-29,Reunião QBR,7.0
884,2021-11-24,Suporte Técnico,3.0
475,2022-10-28,Suporte Técnico,
348,2022-12-30,Reunião QBR,2.0
611,2024-02-12,Email de Acompanhamento,
479,2022-07-10,Reunião QBR,
385,2023-05-03,Reunião QBR,
217,2023-06-02,Reunião QBR,
385,2023-08-08,Reunião QBR,
162,2023-06-09,Suporte Técnico,8.0
865,2023-06-28,Email de Acompanhamento,
747,2022-12-15,Suporte Técnico,
339,2023-09-18,Reunião QBR,2.0
896,2024-04-06,Suporte Técnico,
197,2024-06-07,Suporte Técnico,
257,2024-12-27,Email de Acompanhamento,1.0
193,2022-10-08,Email de Acompanhamento,6.0
480,2022-10-29,Suporte Técnico,9.0
89,2026-04-22,Suporte Técnico,10.0
861,2025-12-20,Reunião QBR,6.0
330,2022-08-12,Suporte Técnico,7.0
894,2024-07-22,Reunião QBR,
459,2023-05-29,Suporte Técnico,
11,2023-05-11,Suporte Técnico,
358,2021-05-18,Suporte Técnico,9.0
420,2020-11-14,Suporte Técnico,6.0
657,2023-12-15,Email de Acompanhamento,
576,2024-04-20,Reunião QBR,
516,2024-10-24,Email de Acompanhamento,
904,2021-12-28,Email de Acompanhamento,
854,2023-11-12,Suporte Técnico,9.0
619,2024-09-14,Suporte Técnico,
651,2022-07-18,Suporte Técnico,
345,2022-08-05,Reunião QBR,1.0
706,2024-11-04,Email de Acompanhamento,
403,2021-06-07,Email de Acompanhamento,
262,2021-09-20,Reunião QBR,0.0
475,2021-08-01,Email de Acompanhamento,4.0
647,2021-04-05,Email de Acompanhamento,6.0
50,2023-03-05,Suporte Técnico,
725,2022-04-02,Suporte Técnico,3.0
930,2021-11-06,Suporte Técnico,6.0
797,2023-02-22,Reunião QBR,
368,2021-02-06,Suporte Técnico,7.0
661,2021-12-23,Email de Acompanhamento,8.0
627,2021-03-15,Suporte Técnico,
221,2024-12-14,Reunião QBR,
383,2022-04-16,Email de Acompanhamento,4.0
971,2025-04-06,Suporte Técnico,
745,2020-08-29,Email de Acompanhamento,
683,2024-03-28,Reunião QBR,
188,2022-05-20,Suporte Técnico,
216,2024-04-14,Suporte Técnico,2.0
169,2021-09-09,Suporte Técnico,
166,2022-04-20,Email de Acompanhamento,2.0
604,2023-03-06,Email de Acompanhamento,2.0
882,2022-03-28,Email de Acompanhamento,
246,2023-04-04,Reunião QBR,
701,2023-06-03,Email de Acompanhamento,
638,2026-10-17,Email de Acompanhamento,
645,2023-01-19,Reunião QBR,10.0
350,2023-11-08,Reunião QBR,
561,2023-04-04,Email de Acompanhamento,10.0
992,2020-10-31,Email de Acompanhamento,
821,2025-01-11,Email de Acompanhamento,
406,2023-07-18,Reunião QBR,9.0
910,2020-09-22,Suporte Técnico,
856,2024-06-27,Suporte Técnico,
607,2022-06-30,Email de Acompanhamento,
970,2020-06-29,Suporte Técnico,
672,2023-12-13,Suporte Técnico,5.0
93,2023-04-06,Reunião QBR,
863,2024-06-10,Reunião QBR,1.0
524,2023-12-13,Suporte Técnico,9.0
383,2023-06-03,Email de Acompanhamento,
438,2022-12-11,Suporte Técnico,9.0
226,2026-01-05,Suporte Técnico,
910,2022-11-21,Reunião QBR,8.0
982,2020-05-20,Email de Acompanhamento,1.0
136,2024-12-07,Email de Acompanhamento,
691,2022-10-17,Reunião QBR,
858,2021-09-23,Reunião QBR,3.0
651,2023-06-30,Reunião QBR,
872,2023-11-11,Reunião QBR,0.0
489,2022-10-05,Suporte Técnico,6.0
488,2026-10-20,Reunião QBR,7.0
990,2021-12-13,Suporte Técnico,5.0
696,2022-08-28,Reunião QBR,3.0
900,2025-02-11,Reunião QBR,
502,2022-10-08,Suporte Técnico,
65,2024-02-15,Email de Acompanhamento,
500,2022-01-31,Reunião QBR,
430,2024-04-06,Email de Acompanhamento,0.0
979,2024-03-30,Email de Acompanhamento,2.0
343,2023-08-31,Suporte Técnico,7.0
624,2023-11-20,Suporte Técnico,7.0
477,2023-12-02,Email de Acompanhamento,
915,2026-01-03,Reunião QBR,2.0
987,2025-05-29,Email de Acompanhamento,
227,2022-02-27,Email de Acompanhamento,2.0
31,2024-03-31,Suporte Técnico,
832,2022-03-17,Reunião QBR,
387,2021-08-12,Email de Acompanhamento,
71,2023-12-06,Suporte Técnico,8.0
534,2022-10-05,Suporte Técnico,7.0
113,2022-01-18,Suporte Técnico,
788,2021-11-15,Reunião QBR,
829,2024-02-29,Reunião QBR,
40,2025-10-20,Reunião QBR,
352,2023-09-23,Reunião QBR,6.0
763,2022-09-27,Reunião QBR,0.0
196,2024-02-26,Suporte Técnico,
724,2020-08-10,Reunião QBR,10.0
378,2023-07-20,Suporte Técnico,
108,2022-06-06,Suporte Técnico,10.0
734,2023-02-04,Email de Acompanhamento,10.0
883,2022-07-19,Email de Acompanhamento,
898,2023-08-30,Suporte Técnico,
647,2023-04-28,Suporte Técnico,1.0
253,2022-01-22,Suporte Técnico,6.0
759,2022-10-09,Email de Acompanhamento,8.0
343,2025-05-01,Email de Acompanhamento,2.0
370,2020-08-24,Email de Acompanhamento,9.0
991,2023-06-16,Suporte Técnico,2.0
923,2022-09-03,Reunião QBR,
937,2023-01-10,Suporte Técnico,
527,2022-01-08,Reunião QBR,
692,2023-11-17,Reunião QBR,
410,2023-06-01,Reunião QBR,
798,2023-05-20,Suporte Técnico,
756,2023-05-06,Suporte Técnico,
610,2020-08-13,Suporte Técnico,
929,2021-07-13,Reunião QBR,
106,2023-09-08,Email de Acompanhamento,
326,2024-07-29,Suporte Técnico,9.0
189,2022-11-07,Reunião QBR,4.0
387,2021-11-12,Email de Acompanhamento,6.0
426,2023-01-01,Reunião QBR,
793,2026-05-03,Suporte Técnico,7.0
260,2022-07-14,Suporte Técnico,
89,2025-02-22,Suporte Técnico,7.0
233,2022-05-26,Reunião QBR,
189,2022-02-20,Email de Acompanhamento,
3,2024-01-15,Reunião QBR,
171,2023-05-12,Email de Acompanhamento,
569,2022-12-06,Email de Acompanhamento,2.0
774,2021-09-22,Email de Acompanhamento,
388,2025-06-22,Email de Acompanhamento,
437,2025-11-25,Suporte Técnico,
770,2023-11-05,Reunião QBR,
950,2022-11-11,Suporte Técnico,3.0
975,2021-07-22,Suporte Técnico,
690,2022-05-09,Suporte Técnico,8.0
234,2024-05-30,Email de Acompanhamento,7.0
93,2023-11-25,Suporte Técnico,
40,2025-05-03,Email de Acompanhamento,0.0
77,2021-09-20,Reunião QBR,3.0
341,2023-10-31,Email de Acompanhamento,8.0
67,2022-03-28,Email de Acompanhamento,
146,2025-07-18,Suporte Técnico,4.0
821,2024-01-23,Email de Acompanhamento,
753,2025-10-19,Email de Acompanhamento,
784,2023-04-08,Email de Acompanhamento,
10,2023-10-30,Email de Acompanhamento,
678,2023-01-15,Suporte Técnico,
918,2025-12-08,Reunião QBR,6.0
464,2022-08-25,Reunião QBR,1.0
793,2024-06-04,Email de Acompanhamento,4.0
958,2022-03-10,Suporte Técnico,2.0
899,2024-02-22,Email de Acompanhamento,6.0
148,2024-05-17,Email de Acompanhamento,6.0
370,2021-08-11,Email de Acompanhamento,
305,2023-10-31,Reunião QBR,
67,2023-05-14,Email de Acompanhamento,9.0
399,2023-11-26,Email de Acompanhamento,8.0
158,2023-01-11,Suporte Técnico,
611,2026-03-28,Email de Acompanhamento,
946,2022-05-31,Email de Acompanhamento,
697,2020-02-05,Suporte Técnico,6.0
300,2023-02-20,Reunião QBR,6.0
476,2023-04-14,Email de Acompanhamento,4.0
465,2026-05-01,Suporte Técnico,
716,2022-08-12,Email de Acompanhamento,1.0
916,2022-05-06,Email de Acompanhamento,
380,2024-02-14,Reunião QBR,1.0
889,2024-04-28,Email de Acompanhamento,
536,2022-11-17,Suporte Técnico,1.0
319,2021-10-09,Suporte Técnico,
503,2020-09-08,Email de Acompanhamento,3.0
522,2023-11-14,Reunião QBR,
413,2021-05-11,Email de Acompanhamento,
282,2022-05-26,Email de Acompanhamento,
506,2023-11-12,Email de Acompanhamento,
862,2025-05-30,Reunião QBR,
930,2023-02-12,Suporte Técnico,
42,2023-03-26,Email de Acompanhamento,2.0
54,2022-04-15,Reunião QBR,8.0
331,2022-06-23,Suporte Técnico,
798,2022-02-26,Email de Acompanhamento,0.0
492,2023-08-06,Email de Acompanhamento,5.0
116,2026-08-12,Reunião QBR,8.0
686,2024-04-07,Reunião QBR,8.0
265,2023-06-06,Reunião QBR,
161,2023-06-01,Email de Acompanhamento,
1000,2022-09-16,Reunião QBR,
898,2023-11-28,Email de Acompanhamento,
734,2023-07-23,Suporte Técnico,
942,2022-05-25,Suporte Técnico,2.0
817,2023-10-02,Suporte Técnico,
686,2022-10-13,Suporte Técnico,
441,2023-12-19,Email de Acompanhamento,
439,2022-08-30,Suporte Técnico,
352,2023-11-23,Reunião QBR,3.0
364,2022-05-12,Email de Acompanhamento,1.0
928,2022-01-19,Reunião QBR,2.0
176,2022-11-15,Email de Acompanhamento,1.0
64,2023-12-25,Email de Acompanhamento,
418,2023-09-09,Suporte Técnico,3.0
411,2020-03-25,Email de Acompanhamento,2.0
187,2023-11-25,Email de Acompanhamento,
155,2022-10-11,Suporte Técnico,
813,2023-01-31,Reunião QBR,9.0
474,2022-10-07,Suporte Técnico,
44,2022-04-12,Reunião QBR,7.0
98,2022-09-22,Suporte Técnico,
192,2020-06-06,Email de Acompanhamento,
839,2024-09-24,Suporte Técnico,
883,2021-03-27,Suporte Técnico,8.0
704,2025-05-22,Email de Acompanhamento,8.0
620,2025-05-04,Suporte Técnico,
559,2023-06-29,Reunião QBR,
917,2024-01-30,Email de Acompanhamento,9.0
442,2024-10-14,Email de Acompanhamento,3.0
545,2024-10-09,Reunião QBR,
293,2025-08-04,Suporte Técnico,6.0
504,2022-12-02,Suporte Técnico,
323,2022-07-02,Suporte Técnico,
619,2024-09-18,Email de Acompanhamento,5.0
984,2022-12-06,Suporte Técnico,
326,2026-05-23,Suporte Técnico,
923,2021-02-19,Reunião QBR,4.0
995,2022-01-07,Email de Acompanhamento,
848,2022-09-20,Email de Acompanhamento,
704,2023-11-28,Reunião QBR,
338,2023-08-12,Reunião QBR,4.0
